-- phpMyAdmin SQL Dump
-- version 3.5.1
-- http://www.phpmyadmin.net
--
-- 主机: localhost:3306
-- 生成日期: 2013 年 11 月 09 日 11:54
-- 服务器版本: 5.1.69
-- PHP 版本: 5.3.3

SET SQL_MODE="NO_AUTO_VALUE_ON_ZERO";
SET time_zone = "+00:00";


/*!40101 SET @OLD_CHARACTER_SET_CLIENT=@@CHARACTER_SET_CLIENT */;
/*!40101 SET @OLD_CHARACTER_SET_RESULTS=@@CHARACTER_SET_RESULTS */;
/*!40101 SET @OLD_COLLATION_CONNECTION=@@COLLATION_CONNECTION */;
/*!40101 SET NAMES utf8 */;

--
-- 数据库: `vview`
--

-- --------------------------------------------------------

--
-- 表的结构 `category`
--

DROP TABLE IF EXISTS `category`;
CREATE TABLE IF NOT EXISTS `category` (
  `id` bigint(20) unsigned NOT NULL AUTO_INCREMENT,
  `name` tinytext NOT NULL,
  `info` longtext,
  `status` int(11) NOT NULL DEFAULT '1',
  PRIMARY KEY (`id`)
) ENGINE=MyISAM  DEFAULT CHARSET=utf8 AUTO_INCREMENT=7 ;

--
-- 转存表中的数据 `category`
--

INSERT INTO `category` (`id`, `name`, `info`, `status`) VALUES
(2, '赛车', '赛车相关评论', 1),
(1, '科技', '最新科技', 1),
(3, '程序猿', '一个程序员的自我修养', 1),
(4, '资源', '资源分享地', 1),
(5, '杂谈', '随便一写', 1);

-- --------------------------------------------------------

--
-- 表的结构 `comment`
--

DROP TABLE IF EXISTS `comment`;
CREATE TABLE IF NOT EXISTS `comment` (
  `id` bigint(20) unsigned NOT NULL AUTO_INCREMENT,
  `post_id` bigint(20) unsigned NOT NULL,
  `author` tinytext NOT NULL,
  `author_email` varchar(100) DEFAULT NULL,
  `author_url` varchar(200) DEFAULT NULL,
  `author_ip` varchar(100) NOT NULL DEFAULT '',
  `cdate` datetime NOT NULL,
  `content` text NOT NULL,
  `status` int(11) NOT NULL DEFAULT '0',
  `parent_id` bigint(20) unsigned DEFAULT '0',
  `user_id` bigint(20) unsigned DEFAULT '0',
  `notice` int(11) DEFAULT '1',
  `comment_img` text,
  `uid` bigint(20) NOT NULL,
  PRIMARY KEY (`id`),
  KEY `post_id` (`post_id`)
) ENGINE=MyISAM  DEFAULT CHARSET=utf8 AUTO_INCREMENT=736 ;

--
-- 转存表中的数据 `comment`
--

INSERT INTO `comment` (`id`, `post_id`, `author`, `author_email`, `author_url`, `author_ip`, `cdate`, `content`, `status`, `parent_id`, `user_id`, `notice`, `comment_img`, `uid`) VALUES
(164, 9, 'mr yao', '137879106@qq.com', '', '111.114.29.119', '2013-10-16 20:42:27', '羡慕嫉妒恨的跟起。。。', 1, 0, 5, 0, '/images/post_img_3.jpg', 2013101622280400035),
(162, 8, '谁？', '你爱谁谁！', '', '111.114.29.119', '2013-10-16 20:27:40', '神级帖子！', 1, 0, 3, 0, '/images/post_img_2.jpg', 2013101622280400037),
(161, 1, 'VellBibi', 'vell001@qq.com', 'www.vell001.ml', '111.20.63.57', '2013-10-16 02:11:06', '测试使用的，声明一下，本文章点击次数和评论次数都是被黑客所为，我个人准备留着这些数据，给自己一个警示。。。', 1, 160, 1, 1, '/images/post_img_5.jpg', 2013101622280400038),
(160, 1, 'VellBibi', 'vell001@qq.com', '', '111.20.63.57', '2013-10-16 02:02:32', '&lt;script&gt; alert(&quot;vell001&quot;); &lt;/script&gt;', 1, 0, 1, 1, '/images/post_img_2.jpg', 2013101622280400039),
(163, 9, 'cwjbest', '490709782@qq.com', '', '111.114.29.119', '2013-10-16 20:36:05', '唉，无力吐槽，脸皮极厚，楼下跟起……', 1, 0, 2, 1, '/images/post_img_5.jpg', 2013101622280400036),
(165, 1, 'VellBibi', 'vell001@qq.com', '', '111.20.63.62', '2013-10-16 22:31:14', '此贴只是用来测试的哦。。。不要激动哟。。哈哈', 1, 0, 1, 1, 'http://vview.vell001.ml//images/post_img_4.jpg', 2013101622311400058),
(166, 1, 'VellBibi', 'vell001@qq.com', '', '111.20.63.62', '2013-10-16 22:37:18', '阿迪司法斯蒂芬', -1, 0, 1, 1, 'http://vview.vell001.ml//images/post_img_5.jpg', 2013101622371800094),
(167, 1, 'VellBibi', 'vell001@qq.com', '', '111.20.63.62', '2013-10-16 22:41:08', '阿迪司法斯蒂芬', -1, 0, 1, 1, 'http://vview.vell001.ml//images/post_img_5.jpg', 2013101622410800126),
(168, 1, 'VellBibi', 'vell001@qq.com', '', '111.20.63.62', '2013-10-17 00:28:52', '试试邮件提醒功能啦。。。', 1, 161, 1, 1, 'http://vview.vell001.ml//images/post_img_1.jpg', 201310170285200022),
(169, 10, 'VellBibi', 'vell001@qq.com', 'www.vell001.ml', '111.20.63.62', '2013-10-17 00:30:17', '好东西，就是没上课不知道咋用哪个啊。。。啥时候教教我啊', 1, 0, 1, 1, 'http://vview.vell001.ml//images/post_img_2.jpg', 201310170301700064),
(170, 9, '楼下', 'vell001@qq.com', 'www.vell001.ml', '111.20.63.62', '2013-10-17 00:31:30', '来了。。。', -1, 0, 1, 1, 'http://vview.vell001.ml//images/post_img_5.jpg', 201310170313000083),
(735, 26, 'vell001', 'vell001@qq.com', 'www.vell001.ml', '111.114.55.239', '2013-11-08 20:22:56', '马同学这是要坐山观虎斗啊。。。观的还是自家的虎被别人斗。。。哈哈', 1, 734, 1, 1, 'http://vview.vell001.ml//images/head_img/head_img (17).jpg', 2013110820225628581),
(733, 25, 'vell001', 'vell001@qq.com', 'www.vell001.ml', '117.32.130.163', '2013-11-06 13:54:36', '加上无话，共四无吧。。。呵呵', 1, 732, 1, 1, 'http://vview.vell001.ml//images/head_img/head_img (8).jpg', 2013110613543631155),
(734, 26, 'cwjbest', '490709782@qq.com', 'www.vell001.ml', '1.85.37.109', '2013-11-08 20:21:20', '这些网络公司最近动静越来越大了，还是倾向于搜狗，毕竟360有点……何况还有前科……话说，马同学不出来罩下小弟？', 1, 0, 2, 1, 'http://vview.vell001.ml//images/head_img/head_img (18).jpg', 2013110820212028459),
(732, 25, 'Saraline', '1004675707@qq.com', 'www.saraline.ml', '113.200.78.118', '2013-11-05 20:20:41', '作为科大学子，我该说些什么呢，作为曾经没有无线,如今没有陕科大的狗,将来也没有钱买网的三无青年,我实在无话可说......', 1, 0, 7, 1, 'http://vview.vell001.ml//images/head_img/head_img (13).jpg', 2013110520204128447),
(731, 19, 'vell001', 'vell001@qq.com', 'www.vell001.ml', '111.114.29.49', '2013-10-27 11:54:51', '恩恩，不过这个软件对于我的意义已经达到了。。。嘻嘻，你懂的', 1, 730, 1, 1, 'http://vview.vell001.ml//images/post_img_2.jpg', 2013102711545111557),
(730, 19, 'Saraline', '1004675707@qq.com', 'www.saraline.ml', '111.114.60.62', '2013-10-27 11:52:22', '啊哦，真的挺无奈的……', 1, 0, 7, 1, 'http://vview.vell001.ml//images/post_img_4.jpg', 2013102711522211479),
(728, 17, 'ov', '836406062@qq.com', '', '125.70.248.233', '2013-10-22 19:11:08', '光头你这网站的主题是啥啊', 1, 0, 10, 1, 'http://vview.vell001.ml//images/post_img_2.jpg', 2013102219110803407),
(729, 17, 'vell001', 'vell001@qq.com', 'www.vell001.ml', '111.114.29.49', '2013-10-22 20:08:57', '主要是IT相关的，其实也就是想说啥说啥的地方。。。呵呵', 1, 728, 1, 1, 'http://vview.vell001.ml//images/post_img_5.jpg', 2013102220085703779),
(726, 16, 'vell001', 'vell001@qq.com', 'www.vell001.ml', '111.114.29.119', '2013-10-20 12:47:23', '好东西，支持个。。。', 1, 0, 1, 1, 'http://vview.vell001.ml//images/post_img_5.jpg', 2013102012472304011),
(727, 16, 'vell001', 'vell001@qq.com', 'www.vell001.ml', '111.114.29.119', '2013-10-20 12:52:31', '2013破解最新版哦。。。地址：\r\nhttp://yun.baidu.com/share/link?shareid=1068335863&amp;uk=3021608454&amp;third=0&amp;fid=1542394080', 1, 0, 1, 1, 'http://vview.vell001.ml//images/post_img_1.jpg', 2013102012523104122),
(724, 14, 'vell001', 'vell001@qq.com', 'www.vell001.ml', '117.32.130.164', '2013-10-18 19:57:56', '支持哦。。。哈哈哈，加油做自己哦', 1, 0, 1, 1, 'http://vview.vell001.ml//images/post_img_3.jpg', 2013101819575601307),
(725, 14, 'cwjbest', '490709782@qq.com', 'www.vell001.ml', '1.85.197.196', '2013-10-18 23:29:51', '哎呦，舍长夫人光临啦~', 1, 0, 2, 1, 'http://vview.vell001.ml//images/post_img_4.jpg', 2013101823295100758);

-- --------------------------------------------------------

--
-- 表的结构 `label`
--

DROP TABLE IF EXISTS `label`;
CREATE TABLE IF NOT EXISTS `label` (
  `id` bigint(20) unsigned NOT NULL AUTO_INCREMENT,
  `name` tinytext NOT NULL,
  `info` longtext,
  `status` int(11) NOT NULL DEFAULT '1',
  `uid` bigint(20) NOT NULL,
  PRIMARY KEY (`id`),
  KEY `uid` (`uid`)
) ENGINE=MyISAM  DEFAULT CHARSET=utf8 AUTO_INCREMENT=35 ;

--
-- 转存表中的数据 `label`
--

INSERT INTO `label` (`id`, `name`, `info`, `status`, `uid`) VALUES
(27, '陕科大的狗', '陕科大的狗', 1, 201311073505900267),
(28, 'SRun3K', 'SRun3K', 1, 201311073505900268),
(26, '陕科大', '陕科大', 1, 201311073505900266),
(25, '维视', '维视', 1, 201311073500200175),
(23, '百度', '百度', 1, 201311073200800003),
(24, 'vview', 'vview', 1, 201311073500200174),
(29, '小维', '小维', 1, 201311073521800329),
(30, '维特尔', '维特尔', 1, 201311073521800330),
(31, '赛车', '赛车', 1, 201311073521800331),
(32, '360', '360', 1, 2013110818581426875),
(33, '搜狗', '搜狗', 1, 2013110818581526876),
(34, '互联网', '互联网', 1, 2013110818581526877);

-- --------------------------------------------------------

--
-- 表的结构 `post`
--

DROP TABLE IF EXISTS `post`;
CREATE TABLE IF NOT EXISTS `post` (
  `id` bigint(20) unsigned NOT NULL AUTO_INCREMENT,
  `author` bigint(20) unsigned NOT NULL,
  `pdate` datetime NOT NULL,
  `content` longtext NOT NULL,
  `title` text NOT NULL,
  `excerpt` text,
  `status` int(11) NOT NULL DEFAULT '0',
  `comment_status` int(11) NOT NULL DEFAULT '1',
  `mdate` datetime NOT NULL,
  `category_id` bigint(20) unsigned NOT NULL DEFAULT '1',
  `parent` bigint(20) unsigned NOT NULL DEFAULT '0',
  `comment_count` bigint(20) NOT NULL DEFAULT '0',
  `click_count` bigint(20) NOT NULL DEFAULT '0',
  `excerpt_img` text,
  `score` bigint(20) NOT NULL DEFAULT '1400',
  `uid` bigint(20) NOT NULL,
  PRIMARY KEY (`id`),
  KEY `category_id` (`category_id`),
  KEY `author` (`author`)
) ENGINE=MyISAM  DEFAULT CHARSET=utf8 AUTO_INCREMENT=27 ;

--
-- 转存表中的数据 `post`
--

INSERT INTO `post` (`id`, `author`, `pdate`, `content`, `title`, `excerpt`, `status`, `comment_status`, `mdate`, `category_id`, `parent`, `comment_count`, `click_count`, `excerpt_img`, `score`, `uid`) VALUES
(1, 1, '2013-10-15 22:44:15', '<p>\r\n	换了好多服务器了，希望这次的靠谱啊。。。先试试吧~~~谢谢大家支持\r\n</p>\r\n<p>\r\n	这次使用的是<a href="http://my.locvps.com/page.aspx?c=referral&u=15766" target="_blank">locvps</a>的服务器。客服态度还不错，就是网速好像有点慢啊，不过对于我来说，能稳定运行才是王道啊~~~\r\n</p>', 'hello world!!!', '\n	换了好多服务器了，希望这次的靠谱啊。。。先试试吧~~~谢谢大家支持\n\n\n	这次使用的是locvps的服务器。客服态度还不错，就是网速好像有点慢啊，不过对于我来说，能稳定运行才是王道啊~~~\n', 1, 1, '2013-10-16 02:02:06', 5, 0, 162, 381, '/images/post_img_3.jpg', 2104, 2013101522431300002),
(2, 1, '2013-10-16 01:47:35', '<p>\r\n	这刚上线的网站立马被黑了。。。看我<a href="http://vview.vell001.ml/post.jsp?pid=1" target="_blank">第一篇帖子</a>就知道了，一下发现好几个漏洞\r\n</p>\r\n<p>\r\n	<span style="background-color:#FFE500;">1：回复的时候能嵌套js代码</span> \r\n</p>\r\n<p>\r\n	<span style="background-color:#FFE500;">2：没有回复验证机制，准备考虑加入验证码。。。</span> \r\n</p>\r\n<p>\r\n	以上两个都是小问题，还有登陆的时候验证码好像也有问题，这可是硬伤啊。。。等待修复啊\r\n</p>\r\n<p>\r\n	看样子从头做一个完整的网站跟我想象中的要难的多啊\r\n</p>\r\n<p>\r\n	<br />\r\n</p>\r\n<p>\r\n	目前问题没有解决，我只是将恶意回复删除了而已，所有帖子将不能回复，直到修复。。。\r\n</p>\r\n<p>\r\n	谢谢，那位无名 ‘黑客’\r\n</p>\r\n<p>\r\n	<br />\r\n</p>\r\n<p>\r\n	<span style="color:#000000;font-family:Tahoma;font-size:18px;line-height:22px;background-color:#00D5FF;"><strong>如图：评论内嵌入js代码问题已经解决，网站已经开放评论，暂时不加入验证码。。。谢谢支持</strong></span> \r\n</p>\r\n<p>\r\n	<img src="/attached/image/20131016/20131016020709_232.png" width="683" height="312" alt="" /> \r\n</p>\r\n<p>\r\n	<br />\r\n</p>\r\n<p>\r\n	2013-10-17 2:00\r\n</p>\r\n<p>\r\n	&nbsp; &nbsp; 前十分钟网站再次被黑，这次够狠，直接给我无限循环了，还好没睡觉，要不然明天我的服务器就挂了直接。。。\r\n</p>\r\n<p>\r\n	&nbsp; &nbsp; 这次总共被发了500多条恶意评论，受灾严重的用户有：<a href="http://vview.vell001.ml/room.jsp?author_id=1">vell001</a>，&nbsp;<a href="http://vview.vell001.ml/room.jsp?author_id=5">百年伟人</a>，&nbsp;<a href="http://vview.vell001.ml/room.jsp?author_id=3">kingkong</a>，&nbsp;<a href="http://vview.vell001.ml/room.jsp?author_id=4">Apple Is A</a>，估计你们的邮箱已经是满满的了。。。我为此感到抱歉。。。\r\n</p>\r\n<p>\r\n	&nbsp;&nbsp;&nbsp;&nbsp;这次原因还是上次的问题，评论时没有加入验证码，我们宿舍坚持不适用验证码，可是现在我不得不加上验证码了。\r\n</p>\r\n<p>\r\n	&nbsp; &nbsp; 目前已经删除所有恶意评论，评论数目和点击量还没有恢复正常。&nbsp; &nbsp;&nbsp;\r\n</p>\r\n<p>\r\n	<br />\r\n</p>\r\n<p>\r\n	&nbsp; &nbsp; 这次事故调查详细：\r\n</p>\r\n<p>\r\n	&nbsp;&nbsp;&nbsp;&nbsp;&nbsp; &nbsp; 不明用户来自阿里巴巴的服务器：\r\n</p>\r\n<p>\r\n	&nbsp; &nbsp;<img src="/attached/image/20131017/20131017020342_34.png" alt="" /> \r\n</p>\r\n<p>\r\n	&nbsp;&nbsp;&nbsp;&nbsp;&nbsp; &nbsp; 恶意评论数据截图：\r\n</p>\r\n<p>\r\n	&nbsp;&nbsp;&nbsp;&nbsp;<img src="/attached/image/20131017/20131017020624_998.png" alt="" /> \r\n</p>\r\n<p>\r\n	<br />\r\n</p>\r\n<p>\r\n	来几个昨晚服务器状态图：\r\n</p>\r\n<p>\r\n	&nbsp; &nbsp; cpu使用情况：\r\n</p>\r\n<p>\r\n	&nbsp;&nbsp;&nbsp;&nbsp;<img src="/attached/image/20131017/20131017110437_826.png" alt="" /> \r\n</p>\r\n<p>\r\n	<br />\r\n</p>\r\n<p>\r\n	&nbsp; &nbsp; 网络流量图：\r\n</p>\r\n<p>\r\n	&nbsp;&nbsp;&nbsp;&nbsp;<img src="/attached/image/20131017/20131017110508_878.png" alt="" /> \r\n</p>\r\n<p>\r\n	可以看出昨晚那个黑客真是够狠啊。。。评价一分钟能发50个评论。。。真牛，你说他买个服务器就用来帮我回复帖子的？？？太幸运了~~~\r\n</p>\r\n<p>\r\n	<br />\r\n</p>\r\n<p>\r\n	这次被黑让我深刻感受到了验证码的威力了。。。希望我的验证码能为我保驾护航得更好。。。\r\n</p>', '网站被黑、、、 （2013-10-17 2:00）', '\r\n	这刚上线的网站立马被黑了。。。看我第一篇帖子就知道了，一下发现好几个漏洞\r\n\r\n\r\n	1：回复的时候能嵌套js代码 \r\n\r\n\r\n	2：没有回复验证机制，准备考虑加入验证码。。。 \r\n\r\n\r\n	以上两个都是小问题，还有登陆的时候验证码好像也有问题，这可是硬伤啊。。。等待修复啊\r\n\r\n\r\n	看样子...', 1, 1, '2013-10-27 16:51:26', 3, 0, 0, 121, '/attached/image/20131016/20131016020709_232.png', 1520, 201310161434700043),
(3, 1, '2013-10-16 02:23:04', '<p>\r\n	本网站开发是在chrome和firefox下进行的，没有对IE进行优化，可以说对IE的支持很不好，个人不喜欢IE所以也没有去做这方面的优化，推荐大家使用chrome，或者firefox浏览器浏览本站，谢谢\r\n</p>\r\n<p>\r\n	<br />\r\n</p>\r\n<p>\r\n	注：现在市面上所有的所谓双核浏览器都是chrome加IE的; 比如搜狗，有一个高速模式就是chrome内核，360浏览器也是一样，目前还没有一个完全属于中国人的浏览器（我指的是用户数量可观的主流浏览器哦。。。）\r\n</p>', '网站使用推荐', '\r\n	本网站开发是在chrome和firefox下进行的，没有对IE进行优化，可以说对IE的支持很不好，个人不喜欢IE所以也没有去做这方面的优化，推荐大家使用chrome，或者firefox浏览器浏览本站，谢谢\r\n\r\n\r\n	\r\n\r\n\r\n	注：现在市面上所有的所谓双核浏览器都是chrome加IE的; ...', 1, 1, '2013-10-27 16:53:01', 5, 0, 0, 460, 'http://vview.vell001.ml//images/post_img/post_img (8).jpg', 1859, 201310162164700044),
(4, 1, '2013-10-16 09:33:13', '<p style="font-family:Tahoma;">\r\n	<span><span style="line-height:24px;">早上一不小心看见了这么一张图片，觉得很是形象生动啊...</span></span> \r\n</p>\r\n<p style="font-family:Tahoma;font-size:14px;">\r\n	<span style="font-size:medium;">主流浏览器之争从上个世纪开就开始，已经持续了很长的时间。就在几年前，IE还是最主流的web浏览器。但现在形势完全不同了，人们都在笑话IE，纷纷转向其它浏览器。今天，我向大家分享一下针对IE的搞笑图片，只是逗乐而已，坐下来慢慢享受吧。</span> \r\n</p>\r\n<p style="font-family:Tahoma;font-size:14px;">\r\n	<strong><span style="font-size:x-large;">如果浏览器是一种枪</span></strong> \r\n</p>\r\n<p style="font-family:Tahoma;font-size:14px;">\r\n	<strong><span style="font-size:x-large;"><br />\r\n</span></strong> \r\n</p>\r\n<div style="text-align:center;">\r\n	<img src="/attached/image/20131016/20131016093325_256.jpg" alt="" /> \r\n</div>', '吐槽IE', '\r\n	早上一不小心看见了这么一张图片，觉得很是形象生动啊... \r\n\r\n\r\n	主流浏览器之争从上个世纪开就开始，已经持续了很长的时间。就在几年前，IE还是最主流的web浏览器。但现在形势完全不同了，人们都在笑话IE，纷纷转向其它浏览器。今天，我向大家分享一下针对IE的搞笑图片，只是逗乐而已，坐下来慢...', 1, 1, '2013-10-27 16:52:05', 3, 0, 0, 56, '/attached/image/20131016/20131016093325_256.jpg', 1455, 201310169205300048),
(5, 1, '2013-10-16 09:49:53', '<div style="text-align:center;">\r\n	<img src="/attached/image/20131016/20131016094915_629.jpg" alt="" /> \r\n</div>', '来一张图先(程序猿的崛起)', '\r\n	 \r\n', 1, 1, '2013-10-16 14:39:56', 3, 0, 0, 10, '/attached/image/20131016/20131016094915_629.jpg', 1409, 201310169483900050),
(6, 1, '2013-10-16 17:07:13', '<p>\r\n	研究了一个多小时写出了自己的linux服务器备份脚本：<a class="ke-insertfile" href="/attached/file/20131016/20131016170612_960.zip" target="_blank"></a><a class="ke-insertfile" href="/attached/file/20131016/20131016170612_960.zip" target="_blank">BackupToMail.sh</a> \r\n</p>\r\n<p>\r\n	<br />\r\n</p>\r\n<p>\r\n	使用方法：<br />\r\n&nbsp; &nbsp; 1.安装mutt :<br />\r\n&nbsp; &nbsp; &nbsp; &nbsp; <span style="color:#337FE5;">yum -y install mutt</span><br />\r\n&nbsp; &nbsp; 2.把文件下载复制到 <span style="color:#337FE5;">/root/BackupToMail.sh</span><br />\r\n&nbsp; &nbsp; 3.给脚本添加执行权限：<br />\r\n&nbsp; &nbsp;&nbsp;&nbsp;&nbsp;&nbsp; <span style="color:#337FE5;">chmod +x /root/BackupToMail.sh</span> \r\n</p>\r\n<p>\r\n	&nbsp; &nbsp; 4.测试<span style="line-height:1.5;">手动执行脚本：</span> \r\n</p>\r\n<p>\r\n	&nbsp; &nbsp;&nbsp;&nbsp;&nbsp;&nbsp; <span style="color:#337FE5;">sh /root/BackupToMail.sh</span><br />\r\n&nbsp; &nbsp; 5.借助vixie-cron自动执行：<br />\r\n&nbsp; &nbsp; &nbsp;&nbsp;&nbsp;&nbsp;&nbsp;&nbsp;&nbsp;&nbsp;<span style="color:#337FE5;">crontab -e&nbsp;</span><br />\r\n&nbsp;&nbsp;&nbsp;&nbsp;&nbsp;&nbsp;&nbsp;&nbsp;添加如下内容：<br />\r\n&nbsp; &nbsp; &nbsp;&nbsp;&nbsp;&nbsp;&nbsp;&nbsp;&nbsp;&nbsp;<span style="color:#337FE5;">59 23 * * * /root/BackupToMail.sh</span><br />\r\n&nbsp;&nbsp;&nbsp;&nbsp;&nbsp;&nbsp;&nbsp;&nbsp;每天的23:59分会自动执行\r\n</p>\r\n<p>\r\n	使用之前必须对脚本进行配置，对于不同的人不同的配置，我就不详解了，脚本内容：\r\n</p>\r\n<p>\r\n	<i> </i> \r\n</p>\r\n<div>\r\n	<i><i> \r\n	<p>\r\n		<span style="color:#337FE5;">#!/bin/bash &nbsp;</span> \r\n	</p>\r\n</i> </i> \r\n</div>\r\n<p>\r\n	<br />\r\n</p>\r\n<p>\r\n	<i> </i> \r\n</p>\r\n<div>\r\n	<i><i> \r\n	<div>\r\n		<span style="color:#337FE5;">#初始化参数</span> \r\n	</div>\r\n	<div>\r\n		<span style="color:#337FE5;">#总备份文件夹</span> \r\n	</div>\r\n	<div>\r\n		<span style="color:#337FE5;">backup_all_dir="/home/backup"</span> \r\n	</div>\r\n	<div>\r\n		<span style="color:#337FE5;">#这次备份文件夹</span> \r\n	</div>\r\n	<div>\r\n		<span style="color:#337FE5;">backup_dir="V&amp;View-backup"-$(date +"%Y%m%d%h%m%s")</span> \r\n	</div>\r\n	<div>\r\n		<span style="color:#337FE5;">backup_file=$backup_dir.tar.gz</span> \r\n	</div>\r\n	<div>\r\n		<br />\r\n	</div>\r\n	<div>\r\n		<span style="color:#337FE5;"># 进入到备份总文件夹&nbsp;</span> \r\n	</div>\r\n	<div>\r\n		<span style="color:#337FE5;">cd $backup_all_dir</span> \r\n	</div>\r\n	<div>\r\n		<span style="color:#337FE5;"># 创建存放备份文件和数据库的文件夹，并修改权限为777&nbsp;</span> \r\n	</div>\r\n	<div>\r\n		<span style="color:#337FE5;">mkdir -m 777 -p ./$backup_dir</span> \r\n	</div>\r\n	<div>\r\n		<span style="color:#337FE5;"># 将需要备份的文件复制到备份文件夹内&nbsp;</span> \r\n	</div>\r\n	<div>\r\n		<span style="color:#337FE5;">cp -r /usr/local/tomcat/vview ./$backup_dir/vview</span> \r\n	</div>\r\n	<div>\r\n		<span style="color:#337FE5;"># 导出数据库到备份文件夹内&nbsp;</span> \r\n	</div>\r\n	<div>\r\n		<span style="color:#337FE5;">/usr/bin/mysqldump -uroot -p123456 vview &gt; ./$backup_dir/vview.sql</span> \r\n	</div>\r\n	<div>\r\n		<span style="color:#337FE5;"># 压缩存放备份文件和数据库的文件夹&nbsp;</span> \r\n	</div>\r\n	<div>\r\n		<span style="color:#337FE5;">tar zcvf ./$backup_file ./$backup_dir</span> \r\n	</div>\r\n	<div>\r\n		<span style="color:#337FE5;"># 以附件形式发送压缩包到指定邮箱&nbsp;</span> \r\n	</div>\r\n	<div>\r\n		<span style="color:#337FE5;">echo "Backup file for vview.vell001.ml" | mutt -s "V&amp;View(维视)-Backup$(date +%Y-%m-%d)" vell001@qq.com -a ./$backup_file</span> \r\n	</div>\r\n	<div>\r\n		<span style="color:#337FE5;"># 删除备份文件夹</span> \r\n	</div>\r\n	<div>\r\n		<span style="color:#337FE5;">rm -rf ./$backup_dir&nbsp;</span> \r\n	</div>\r\n	<div>\r\n		<span style="color:#337FE5;"># 删除三天前备份压缩包</span> \r\n	</div>\r\n	<div>\r\n		<span style="color:#337FE5;">find $backup_all_dir -mtime +3 -exec rm -f {} \\;</span> \r\n	</div>\r\n</i> </i> \r\n</div>\r\n<div>\r\n</div>\r\n<p>\r\n	<br />\r\n</p>\r\n<p>\r\n	<span style="font-family:微软雅黑;font-size:14px;line-height:normal;color:#0000FF;"><span style="color:#000000;"><br />\r\n<br />\r\n</span><br />\r\n</span> \r\n</p>', 'linux服务器备份到邮箱', '\r\n	研究了一个多小时写出了自己的linux服务器备份脚本：BackupToMail.sh \r\n\r\n\r\n	\r\n\r\n\r\n	使用方法：\r\n&nbsp; &nbsp; 1.安装mutt :\r\n&nbsp; &nbsp; &nbsp; &nbsp; yum -y install mutt\r\n&nbsp; &...', 1, 1, '2013-11-03 09:55:28', 3, 0, 45, 139, 'http://vview.vell001.ml//images/post_img/post_img (14).jpg', 1628, 2013101617005600051),
(25, 1, '2013-11-04 17:34:49', '<p>\r\n	<span style="color:#000000;">实在无力吐槽陕科大的网络了，搞得我郁闷的。。。</span> \r\n</p>\r\n<p>\r\n	<span style="color:#000000;">最近陕科大更新了网络服务，全部采用一个叫SRun3K宽带认证客户端。之前的神马陕科大的狗，西工大的猫全部无解了，不光是客户端界面难看到想吐又吐不出来，而且还有一个很好的特性就是：</span><span style="color:#FF9900;">客户端隔5分钟掉一次线，</span> \r\n</p>\r\n<p>\r\n	<span style="color:#000000;">我能有啥话说的，科大碉堡了！！！</span> \r\n</p>\r\n<p>\r\n	<span style="color:#000000;">关于掉线解决方法：关闭windows防火墙呗~~~以后电脑就裸露在互联网之下啦，祝福陕科大开始跨入裸奔时代了</span> \r\n</p>\r\n<p>\r\n	<span style="color:#000000;"><br />\r\n</span> \r\n</p>\r\n<p>\r\n	<span style="color:#000000;">不过作为屌丝，现在暂时只能屈服一下，由于陕科大的狗、西工大的猫在陕科大已经送入地狱，那只好和宿舍屌丝们一块开了个电信2M网，可怜巴巴的看着点点网速。。。</span> \r\n</p>\r\n<p>\r\n	<span style="color:#000000;">来点实用的吧，</span> \r\n</p>\r\n<p>\r\n	<span style="color:#000000;">共享下陕科大客户端：<a href="http://pan.baidu.com/s/1DuHca" target="_blank">点我传送</a></span> \r\n</p>\r\n<p>\r\n	<span style="color:#000000;">还有电信翼讯客户端：<a href="http://pan.baidu.com/s/11jyKW" target="_blank">点我传送</a><span id="__kindeditor_bookmark_end_12__"></span></span> \r\n</p>\r\n<p>\r\n	<span style="color:#000000;"><br />\r\n</span> \r\n</p>', '吐槽陕科大教育网', '\r\n	实在无力吐槽陕科大的网络了，搞得我郁闷的。。。 \r\n\r\n\r\n	最近陕科大更新了网络服务，全部采用一个叫SRun3K宽带认证客户端。之前的神马陕科大的狗，西工大的猫全部无解了，不光是客户端界面难看到想吐又吐不出来，而且还有一个很好的特性就是：客户端隔5分钟掉一次线， \r\n\r\n\r\n	我能有啥话说的...', 1, 1, '2013-11-07 03:50:59', 4, 0, 2, 46, 'http://vview.vell001.ml//images/post_img/post_img (13).jpg', 1450, 2013110417260725061),
(7, 4, '2013-10-16 19:52:21', '<p style="text-align:center;">\r\n	<img alt="" src="http://vview.vell001.ml/attached/image/20131016/20131016193545_723.jpg" /> \r\n</p>\r\n<p style="text-align:center;">\r\n	哎，非要让我发点东西。。。\r\n</p>\r\n<p style="text-align:center;">\r\n	经典C语言学习资料\r\n</p>\r\n<div style="text-align:center;">\r\n	<a href="http://pan.baidu.com/s/1dr3J"></a><a href="http://pan.baidu.com/s/1dr3J">http://pan.baidu.com/s/1dr3J</a> \r\n</div>', '经典C语言学习资料——辉辉的哦', '\n	 \n\n\n	哎，非要让我发点东西。。。\n\n\n	经典C语言学习资料\n\n\n	http://pan.baidu.com/s/1dr3J \n', 1, 1, '2013-10-16 19:54:37', 4, 0, 0, 58, 'http://vview.vell001.ml/attached/image/20131016/20131016193545_723.jpg', 1457, 2013101619514600068),
(8, 3, '2013-10-16 20:20:45', 'Test', '测试', 'Test', 1, 1, '2013-10-16 20:21:04', 5, 0, 1, 32, '/images/post_img_2.jpg', 1433, 2013101620192800070),
(9, 5, '2013-10-16 20:31:02', '<div class="Section0">\r\n	<p class="p18">\r\n		1.&nbsp;概述&nbsp;\r\n	</p>\r\n	<p class="p19">\r\n		随着web应用的增多，新的模式解决方案中以web为核心的应用也越来越多，很多公司各种应用的架构都以B/S及web应用为主，但是有关WEB测试方面的内容并没有相应的总结，所以我在这里对web的测试方法和采用的测试技术进行总结，便于内部交流。&nbsp;\r\n	</p>\r\n	<p class="p19">\r\n		测试方法尽量涵盖web程序的各个方面，测试技术方面在继承传统测试技术的技术上结合web应用的特点。&nbsp;\r\n	</p>\r\n	<p class="p19">\r\n		相关的测试和实现技术也有着很大的关系，由于本公司使用J2EE体系，也许例子中只有JAVA平台可以使用，.NET平台测试技术暂时不涉及，如果你有请与我联系。&nbsp;\r\n	</p>\r\n	<p class="p18">\r\n		　2.&nbsp;测试方法&nbsp;\r\n	</p>\r\n	<p class="p19">\r\n		说明：测试方法的选择取决你的测试策略。&nbsp;\r\n	</p>\r\n	<p class="p19">\r\n		一般的web测试和以往的应用程序的测试的侧重点不完全相同，基本包括以下几个方面。&nbsp;<br />\r\n当然圆满的完成测试还要有好的团体和流程等的方方面面的支持，你同样应该对这些方面进行注意。&nbsp;<br />\r\n有些测试方法设计到了流程，哪些应该在你的测试团队建设中建立。&nbsp;\r\n	</p>\r\n	<p class="p17">\r\n		　2.1&nbsp;界面测试&nbsp;\r\n	</p>\r\n	<p class="p19">\r\n		现在一般人都有使用浏览器浏览网页的经历，用户虽然不是专业人员但是对界面效果的印象是很重要的。如果你注重这方面的测试，那么验证应用程序是否易于使用就非常重要了。很多人认为这是测试中最不重要的部分，但是恰恰相反界面对不懂技术的客户来说那相当关键，慢慢体会你会明白的。&nbsp;\r\n	</p>\r\n	<p class="p19">\r\n		方法上可以根据设计文档，如果够专业的话可以专业美工人员，来确定整体风格页面风格，然后根据这个可以页面人员可以生成静态的HTML，CSS等甚至生成几套不用的方案来讨论，或者交给客户评审，最后形成统一的风格的页面/框架。注意不要靠程序员的美术素养形成你的web风格，那样可能会很糟糕。&nbsp;\r\n	</p>\r\n	<p class="p19">\r\n		主要包括以下几个方面的内容：&nbsp;\r\n	</p>\r\n	<p class="p19">\r\n		站点地图和导航条位置、是否合理、是否可以导航等内容布局布局是否合理，滚动条等简介说明说明文字是否合理，位置，是否正确&nbsp;<br />\r\n背景/色调是否正确、美观，是否符合用户需求；&nbsp;<br />\r\n页面在窗口中的显示是否正确、美观（在调整浏览器窗口大小时，屏幕刷新是否正确）表单样式大小，格式，是否对提交数据进行验证（如果在页面部分进行验证的话）等&nbsp;<br />\r\n连接连接的形式，位置，是否易于理解等&nbsp;\r\n	</p>\r\n	<p class="p19">\r\n		web测试的主要页面元素&nbsp;\r\n	</p>\r\n	<p class="p19">\r\n		页面元素的容错性列表（如输入框、时间列表或日历）&nbsp;<br />\r\n页面元素清单（为实现功能，是否将所需要的元素全部都列出来了，如按钮、单选框、复选框、列表框、超连接、输入框等等）&nbsp;<br />\r\n页面元素的容错性是否存在&nbsp;<br />\r\n页面元素的容错性是否正确&nbsp;<br />\r\n页面元素基本功能是否实现（如文字特效、动画特效、按钮、超连接）&nbsp;<br />\r\n页面元素的外形、摆放位置（如按钮、列表框、核选框、输入框、超连接等）&nbsp;<br />\r\n页面元素是否显示正确（主要针对文字、图形、签章）&nbsp;<br />\r\n元素是否显示（元素是否存在）&nbsp;<br />\r\n页面元素清单（为实现功能，是否将所需要的元素全部都列出来了，如按钮、单选框、复选框、列表框、超连接、输入框等等）&nbsp;\r\n	</p>\r\n	<p class="p19">\r\n		测试技术&nbsp;\r\n	</p>\r\n	<p class="p19">\r\n		通过页面走查，浏览确定使用的页面是否符合需求。可以结合兼容性测试对不用分辨率下页面显示效果，如果有影响应该交给设计人员提出解决方案。&nbsp;<br />\r\n可以结合数据定义文档查看表单项的内容，长度等信息。&nbsp;<br />\r\n对于动态生成的页面最好也能进行浏览查看。如Servelet部分可以结合编码规范，进行代码走查。是否支持中文，如果数据用XML封装要做的工作会多一点等等。&nbsp;\r\n	</p>\r\n	<p class="p19">\r\n		界面测试要素:&nbsp;<br />\r\n符合标准和规范,灵活性,正确性,直观性,舒适性,实用性,一致性&nbsp;\r\n	</p>\r\n	<p class="p19">\r\n		1.直观性:&nbsp;\r\n	</p>\r\n	<p class="p19">\r\n		用户界面是否洁净,不唐突,不拥挤.界面不应该为用户制造障碍.所需功能或者期待的响应应该明显,并在预期出现的地方.&nbsp;\r\n	</p>\r\n	<p class="p19">\r\n		界面组织和布局合理吗?是否允许用户轻松地从一个功能转到另一个功能?下一步做什么明显吗?任何时刻都可以决定放弃或者退回,退出吗?输入得到承认了吗?菜单或者窗口是否深藏不露?&nbsp;<br />\r\n有多余功能吗?软件整体抑或局部是否做得太多?是否有太多特性把工作复杂化了?是否感到信息太庞杂?&nbsp;<br />\r\n如果其他所有努力失败,帮助系统真能帮忙吗?&nbsp;<br />\r\n2.一致性&nbsp;\r\n	</p>\r\n	<p class="p19">\r\n		快速键和菜单选项.在Windows&nbsp;中按F1键总是得到帮助信息&nbsp;<br />\r\n术语和命令.整个软件使用同样的术语吗?特性命名一致吗?例如,Find是否一直叫Find,而不是有时叫Search?&nbsp;<br />\r\n软件是否一直面向同一级别用户?带有花哨用户界面的趣味贺卡程序不应该显示泄露技术机密的错误提示信息.&nbsp;<br />\r\n按钮位置和等价的按键.大家是否注意到对话框有OK按钮和Cancle按钮时,OK按钮总是在上方或者左方,而Cancle按钮总是在下方或右方?同样原因,Cancle按钮的等价按键通常是Esc,而选中按钮的等价按钮通常是Enter.保持一致.&nbsp;<br />\r\n3.灵活性&nbsp;\r\n	</p>\r\n	<p class="p19">\r\n		状态跳转.灵活的软件实现同一任务有多种选择方式.&nbsp;<br />\r\n状态终止和跳过,具有容错处理能力.&nbsp;<br />\r\n数据输入和输出.用户希望有多种方法输入数据和查看结果.例如,在写字板插入文字可用键盘输入,粘贴,从6种文件格式读入,作为对象插入,或者用鼠标从其他程序拖动.&nbsp;\r\n	</p>\r\n	<p class="p19">\r\n		4.舒适性&nbsp;<br />\r\n恰当.软件外观和感觉应该与所做的工作和使用者相符.&nbsp;<br />\r\n错误处理.程序应该在用户执行严重错误的操作之前提出警告,并允许用户恢复由于错误操作导致丢失的数据.如大家认为undo&nbsp;/redo是当然的.&nbsp;<br />\r\n性能.快不见得是好事.要让用户看得清程序在做什么,它是有反应的.&nbsp;\r\n	</p>\r\n	<p class="p19">\r\n		2.2&nbsp;<span>功能测试&nbsp;</span><br />\r\n对功能测试是测试中的重点&nbsp;<br />\r\n主要包括一下几个方面的内容&nbsp;<br />\r\n连接这个连接和界面测试中的连接不同那里注重的是连接方式和位置，如是图像还是文字放置的位置等，还是其他的方式。这里的连接注重功能。如是否有连接，连接的是否是说明的位置等。&nbsp;\r\n	</p>\r\n	<p class="p19">\r\n		表单提交应当模拟用户提交，验证是否完成功能，如注册信息，要测试这些程序，需要验证服务器能正确保存这些数据，而且后台运行的程序能正确解释和使用这些信息。还有数据正确性验证，异常处理等，最好结合易用性要求等。B/S结构实现的功能可能主要的就在这里，提交数据，处理数据等如果有固定的操作流程可以考虑自动化测试工具的录制功能，编写可重复使用的脚本代码，可以在测试、回归测试时运行以便减轻测试人员工作量。&nbsp;\r\n	</p>\r\n	<p class="p19">\r\n		Cookies&nbsp;验证如果系统使用了cookie，测试人员需要对它们进行检测。如果在&nbsp;cookies&nbsp;中保存了注册信息，请确认该&nbsp;cookie能够正常工作而且已对这些信息已经加密。如果使用&nbsp;cookie&nbsp;来统计次数，需要验证次数累计正确。关于cookie的使用可以参考浏览器的帮助信息。如果使用B/S结构cookies中存放的信息更多。功能易用性测试完成了功能测试可以对应用性进行了解，最好听听客户的反映，在可以的情况下对程序进行改进是很有必要的，和客户保持互动对系统满意度也是很有帮助的。&nbsp;\r\n	</p>\r\n	<p class="p19">\r\n		测试技术功能测试的测试技术可是很多的，我们可以结合实际环境选择使用&nbsp;\r\n	</p>\r\n	<p class="p19">\r\n		白盒测试技术(White&nbsp;Box&nbsp;Testing)&nbsp;深入到代码一级的测试，使用这种技术发现问题最早，效果也是最好的。该技术主要的特征是测试对象进入了代码内部,根据开发人员对代码和对程序的熟悉程度,对有需要的部分进行在软件编码阶段，开发人员根据自己对代码的理解和接触所进行的软件测试叫做白盒测试。这一阶段测试以软件开发人员为主，在JAVA平台使用Xunit系列工具进行测试，Xunit测试工具是类一级的测试工具对每一个类和该类的方法进行测试。&nbsp;\r\n	</p>\r\n	<p class="p19">\r\n		黑盒测试技术（Black&nbsp;Box&nbsp;Testing）黑盒测试的内容主要有以下几个方面，但是主要还是功能部分。主要是覆盖全部的功能，可以结合兼容，性能测试等方面进行，根据软件需求，设计文档，模拟客户场景随系统进行实际的测试，这种测试技术是使用最多的测试技术涵盖了测试的方方面面，可以考虑以下方面&nbsp;\r\n	</p>\r\n	<p class="p19">\r\n		正确性&nbsp;(Correctness)：计算结果，命名等方面?&nbsp;\r\n	</p>\r\n	<p class="p19">\r\n		可用性&nbsp;(Usability)：是否可以满足软件的需求说明。&nbsp;\r\n	</p>\r\n	<p class="p19">\r\n		边界条件&nbsp;(Boundary&nbsp;Condition)输入部分的边界值,就是使用一般书中说的等价类划分,试试最大最小和非法数据等等.&nbsp;\r\n	</p>\r\n	<p class="p19">\r\n		性能&nbsp;(Performance)&nbsp;正常使用的时间内系统完成一个任务需要的时间,多人同时使用的时候响应时间,在可以接受范围内.J2EE技术实现的系统在性能方面更是需要照顾的,一般原则是3秒以下接受,3-5秒可以接受,5秒以上就影响易用性了.&nbsp;如果在测试过程中发现性能问题，修复起来是非常艰难的，因为这常常意味着程序的算法不好，结构不好，或者设计有问题。因此在产品开发的开始阶段，就要考虑到软件的性能问题。&nbsp;\r\n	</p>\r\n	<p class="p19">\r\n		压力测试&nbsp;(Stress)&nbsp;多用户情况可以考虑使用压力测试工具,建议将压力和性能测试结合起来进行.如果有负载平衡的话还要在服务器端打开监测工具,查看服务器CPU使用率,内存占用情况,如果有必要可以模拟大量数据输入,对硬盘的影响等等信息.如果有必要的话必须进行性能优化(软硬件都可以).这里的压力测试针对的是某几项功能.&nbsp;\r\n	</p>\r\n	<p class="p19">\r\n		错误恢复&nbsp;(Error&nbsp;Recovery)&nbsp;错误处理，页面数据验证,包括突然间断电,输入脏数据等.&nbsp;<br />\r\n安全性测试(Security)这个领域正在研究中,不过防火墙,补丁包.杀毒软件等的就不必说了,不过可以考虑破坏性测试时任意.看了一些资料后得知,这里面设计到的知识\\内容可以写本书了,不是一两句可以说清的,特别是一些商务网站,或者跟钱有关,或者和公司秘密有关的web更是,需要这方面的测试,在外国有一种专门干这一行的人叫安全顾问,可以审核代码,提出安全建议,出现紧急事件是的处理办法等,在国内没有听说哪里有专门搞安全技术测试的内容.&nbsp;\r\n	</p>\r\n	<p class="p19">\r\n		兼容性&nbsp;(Compatibility)&nbsp;不同浏览器，不同应用程序版本在实现功能时的表现,不同的上网方式,如果你测试的是一个公共网站的话.&nbsp;\r\n	</p>\r\n	<p class="p19">\r\n		兼容性测试内容详述&nbsp;<br />\r\n硬件平台&nbsp;<br />\r\n浏览器软件和版本:浏览器插件,浏览器选项,视频分辨率和色深.文字大小,调制解调器速率.&nbsp;<br />\r\n软件配置&nbsp;(Configuration)&nbsp;如IE浏览器的不用选项-安全设定最高,禁用脚本程序,等等,你们的程序在各种不用的设置下表现如何.&nbsp;\r\n	</p>\r\n	<p class="p19">\r\n		单元测试技术(Unit&nbsp;Test):&nbsp;<br />\r\n2.2.1&nbsp;下面是对白盒测试和单元测试的区别的论述:&nbsp;\r\n	</p>\r\n	<p class="p19">\r\n		单元测试和白盒测试是不同的,虽然单元测试和白盒测试都是关注功能虽然他们都需要代码支持,但是级别不同,白盒测试关注的是类中一个方法的功能是更小的单位,但是完成一个单元测试可能需要N多类,所以说作单元测试需要什么写驱动和稳定桩,比如查询单元是一个查询包包N多的测试类,测试数据,运行他需要提供数据的部分,输入参数和发出命令的驱动等等.是比类大的一个整体进行的.&nbsp;\r\n	</p>\r\n	<p class="p19">\r\n		另一个明显的区别是白盒测试不会关注类接口,但是单元测试主要的内容就是类接口测试.&nbsp;\r\n	</p>\r\n	<p class="p19">\r\n		不过很多时候是很少区分的,因为这两种技术实现起来有很多相互关联的部分.不过要看你对质量的关注程度来决定.&nbsp;\r\n	</p>\r\n	<p class="p19">\r\n		2.2.2&nbsp;功能测试边界测试\\越界测试技术详述&nbsp;<br />\r\n边界条件&nbsp;<br />\r\n边界条件是指软件计划的操作界限所在的边缘条件.&nbsp;<br />\r\n如果软件测试问题包含确定的边界,那么数据类型可能是:&nbsp;<br />\r\n数值速度字符地址位置尺寸数量&nbsp;<br />\r\n同时,考虑这些类型的下述特征:&nbsp;<br />\r\n第一个/最后一个最小值/最大值&nbsp;<br />\r\n开始/完成超过/在内&nbsp;<br />\r\n空/满最短/最长&nbsp;<br />\r\n最慢/最快最早/最迟&nbsp;<br />\r\n最大/最小最高/最低&nbsp;<br />\r\n相邻/最远&nbsp;<br />\r\n越界测试&nbsp;<br />\r\n通常是简单加1或者很小的数(对于最大值)和减少1或者很小的数(对于最小值),例如:&nbsp;<br />\r\n第一个减1/最后一个加1&nbsp;<br />\r\n开始减1/完成加1&nbsp;<br />\r\n空了再减/满了再加&nbsp;<br />\r\n慢上加慢/快上加快&nbsp;<br />\r\n最大数加1/最小数减1&nbsp;<br />\r\n最小值减1/最大值加1&nbsp;<br />\r\n刚好超过/刚好在内&nbsp;<br />\r\n短了再短/长了再长&nbsp;<br />\r\n早了更早/晚了更晚&nbsp;<br />\r\n最高加1/最低减1&nbsp;\r\n	</p>\r\n	<p class="p19">\r\n		另一些该注意的输入:默认,空白,空值,零值和无;非法,错误,不正确和垃圾数据.&nbsp;\r\n	</p>\r\n	<p class="p19">\r\n		2.2.3&nbsp;状态测试技术&nbsp;<br />\r\n软件可能进入的每一种独立状态;&nbsp;<br />\r\n从一种状态转入另一种状态所需的输入和条件;&nbsp;<br />\r\n进入或退出某种状态时的设置条件及输入结果.&nbsp;<br />\r\n具体测试方法可以参考如下:&nbsp;<br />\r\n每种状态至少访问一次;&nbsp;<br />\r\n测试看起来最常见最普遍的状态转换;&nbsp;<br />\r\n测试状态之间最不常用的分支&nbsp;<br />\r\n测试所有错误状态及其返回值&nbsp;<br />\r\n测试随机状态转换&nbsp;\r\n	</p>\r\n	<p class="p19">\r\n		2.2.4&nbsp;竞争条件测试技术&nbsp;\r\n	</p>\r\n	<p class="p19">\r\n		竞争条件典型情形参考如下:&nbsp;<br />\r\n两个不同的程序同时保存或打开同一个文档&nbsp;<br />\r\n共享同一台打印机,通信端口或者其他外围设备&nbsp;<br />\r\n当软件处于读取或者修改状态时按键或者单击鼠标&nbsp;<br />\r\n同时关闭或者启动软件的多个实例&nbsp;<br />\r\n同时使用不同的程序访问一个共同数据库&nbsp;\r\n	</p>\r\n	<p class="p17">\r\n		2.3&nbsp;负载\\压力测试(StressTest)&nbsp;\r\n	</p>\r\n	<p class="p19">\r\n		在这里的负载\\压力和功能测试中的不同,他是系统测试的内容,是基本功能已经通过后进行的.可以在集成测试阶段,亦可以在系统测试阶段进行.&nbsp;\r\n	</p>\r\n	<p class="p19">\r\n		使用负载测试工具进行,虚拟一定数量的用户看一看系统的表现,是否满足定义中的指标.&nbsp;\r\n	</p>\r\n	<p class="p19">\r\n		负载测试一般使用工具完成，loadrunner，webload，was，ewl，e-test等，主要的内容都是编写出测试脚本，脚本中一般包括用户一般常用的功能，然后运行，得出报告。所以负载测试包括的主要内容就不介绍了。&nbsp;\r\n	</p>\r\n	<p class="p19">\r\n		负载测试技术在各种极限情况下对产品进行测试&nbsp;(如很多人同时使用该软件，或者反复运行该软件)，以检查产品的长期稳定性。例如，使用压力测试工具对web服务器进行压力测试.&nbsp;本项测试可以帮助找到一些大型的问题，如死机、崩损、内存泄漏等，因为有些存在内存泄漏问题的程序，在运行一两次时可能不会出现问题，但是如果运行了成千上万次，内存泄漏得越来越多，就会导致系统崩滑。用J2EE实现的系统很少但是并不是没有内存问题.&nbsp;\r\n	</p>\r\n	<p class="p19">\r\n		无论什么工具基本的技术都是利用线程技术模仿和虚拟用户，在这里主要的难点在与测试脚本的编写，每种工具使用的脚本都不一样，但是大多数工具都提供录制功能就算是不会编码的测试人员同样可以测试。&nbsp;\r\n	</p>\r\n	<p class="p19">\r\n		对负载工具的延伸使用可以进行系统稳定性测试，系统极限测试，如使用100的Load&nbsp;Size连续使用24小时，微软定义的通过准则是通过72小时测试的程序一般不会出现稳定性的问题。&nbsp;\r\n	</p>\r\n	<p class="p17">\r\n		2.4&nbsp;回归测试&nbsp;(Regression&nbsp;Test)&nbsp;\r\n	</p>\r\n	<p class="p19">\r\n		过一段时间以后，再回过头来对以前修复过的Bug重新进行测试，看该Bug&nbsp;是否会重新出现。&nbsp;\r\n	</p>\r\n	<p class="p19">\r\n		回归测试技术可以在测试的各个阶段出现，无论是单元测试还是集成测试还是系统测试。是对以前问题进行验证的过程。&nbsp;\r\n	</p>\r\n	<p class="p19">\r\n		回归测试的目的就是保证以前已经修复的Bug不会再出现。实际上，许多Bug都是在回归测试时发现的，在此阶段，我们首先要检查以前找到的Bug&nbsp;是否已经更正了。值得注意的是，已经更正的Bug&nbsp;也可能又回来了，有的Bug&nbsp;经过修改之后可能又产生了新的Bug。所以，回归测试可保证已更正的Bug不再重现，不产生新的Bug。&nbsp;\r\n	</p>\r\n	<p class="p17">\r\n		2.5&nbsp;Alpha&nbsp;和Beta&nbsp;测试&nbsp;(Alpha&nbsp;and&nbsp;Beta&nbsp;Test):&nbsp;\r\n	</p>\r\n	<p class="p19">\r\n		在正式发布产品之前往往要先发布一些测试版，让用户能够反馈出相关信息，或者找到存在的Bug，以便在正式版中得到解决。&nbsp;\r\n	</p>\r\n	<p class="p19">\r\n		特别是在有客户参加的情况下，对系统进行测试可能会出现一些我们没有考虑的情况，还可以解决一些客户实际关心的问题&nbsp;\r\n	</p>\r\n	<p class="p19">\r\n		　3&nbsp;不同的测试技术区分&nbsp;\r\n	</p>\r\n	<p class="p18">\r\n		3.1&nbsp;覆盖测试技术&nbsp;\r\n	</p>\r\n	<p class="p19">\r\n		说明:测试覆盖率可以看出测试的完成度,在测试分析报告中可以作为量化指标的依据，测试覆盖率越高效果越好。&nbsp;\r\n	</p>\r\n	<p class="p19">\r\n		覆盖测试可以是程序代码的执行路径覆盖，亦可以是功能实现的步骤覆盖（可以理解成流程图的路径覆盖）。&nbsp;\r\n	</p>\r\n	<p class="p19">\r\n		该技术可以用在任何测试阶段，包括单元测坏死、集成测试、系统测试。&nbsp;\r\n	</p>\r\n	<p class="p19">\r\n		使用该技术时可以使用以上的任何测试方法和测试技术。&nbsp;\r\n	</p>\r\n	<p class="p18">\r\n		3.2&nbsp;白盒测试和黑盒测试技术&nbsp;\r\n	</p>\r\n	<p class="p19">\r\n		白盒测试技术&nbsp;(White&nbsp;Box&nbsp;Testing)该技术主要的特征是测试对象进入了代码内部,根据开发人员对代码和对程序的熟悉程度,对有需要的部分进行在软件编码阶段，开发人员根据自己对代码的理解和接触所进行的软件测试叫做白盒测试。这一阶段测试以软件开发人员为主，使用Xunit系列工具进行测试，可以包括很多方面如功能性能等。&nbsp;\r\n	</p>\r\n	<p class="p19">\r\n		黑盒测试&nbsp;(Black&nbsp;Box&nbsp;Testing)测试的主体部分黑盒测试的内容主要有以下几个方面，但是主要还是功能部分。主要是覆盖全部的功能，可以结合兼容，性能测试等方面进行,包括的不同测试类型请参考以上内容。&nbsp;\r\n	</p>\r\n	<p class="p18">\r\n		3.3&nbsp;手工测试和自动化测试&nbsp;\r\n	</p>\r\n	<p class="p19">\r\n		手工测试（Manual&nbsp;Testing）：即依靠人力来查找Bug。方法可以参考上边的测试，也可以根据对实现技术及经验等进行不同的测试。&nbsp;\r\n	</p>\r\n	<p class="p19">\r\n		自动测试（Automation&nbsp;Testing）使用有针对工具实行。可以作出自动化测试的计划,对可以进行自动化测试的部分编写或者录制相应的脚本,可以加入功能,容错,表单提交等,可以参考MI,Rational或者其他类测试工具说明.&nbsp;\r\n	</p>\r\n	<p class="p19">\r\n		根据权威的软件测试经验，手工测试还是主要的测试方法，自动测试不够灵活，在这里不再详述。微软的测试过程80％还是手工完成。&nbsp;\r\n	</p>\r\n	<p class="p19">\r\n		自动测试永远也代替不了手工测试，但是手工测试的工作量很大是不争的事实。&nbsp;\r\n	</p>\r\n	<p class="p18">\r\n		3.4&nbsp;根据RUP标准按阶段区分测试&nbsp;\r\n	</p>\r\n	<p class="p19">\r\n		单元测试在上边有详细的叙述，还有针对单元测试和集成测试的论述，请参考。&nbsp;\r\n	</p>\r\n	<p class="p19">\r\n		集成测试分为功能集成测试和系统集成测试，相互有调用的功能集成，在系统环境下功能相互调用的影响等，使用方法可以任意选用上面的内容。注重功能方面。&nbsp;\r\n	</p>\r\n	<p class="p19">\r\n		系统测试在功能实现的基础上，可以加入兼容性，易用性，性能等等&nbsp;\r\n	</p>\r\n	<p class="p19">\r\n		验收测试可以包括Alpha和Beta测试，在这里就不再详述。&nbsp;\r\n	</p>\r\n	<p class="p18">\r\n		　4.&nbsp;存在风险及解决方法&nbsp;\r\n	</p>\r\n	<p class="p19">\r\n		说明：测试不能找出所有的问题，只是尽量将问题在开发阶段解决大多数的问题而已。&nbsp;<br />\r\n测试风险如下：&nbsp;\r\n	</p>\r\n	<p class="p19">\r\n		软硬件的测试环境提供上也对测试结果有很大的影响。&nbsp;<br />\r\n测试团队的水平，经验，合作效果等&nbsp;<br />\r\n整个开发流程对测试的重视程度，测试的进入时间等&nbsp;<br />\r\n由于测试环境操作系统，网络环境，带宽等情况可能产生的测试结果可能不同这是就需要经验以及对测试环境的保护等方面下一些功夫。&nbsp;\r\n	</p>\r\n	<p class="p18">\r\n		　5.&nbsp;软件缺陷的原则&nbsp;\r\n	</p>\r\n	<p class="p19">\r\n		软件缺陷区别于软件bug,它是在测试过程中出现的对系统有影响的,但是在设计中没有的或者对修改后的bug测试和开发人员有不同意见等&nbsp;<br />\r\n软件未达到产品说明书标明的功能。&nbsp;<br />\r\n软件出现了产品说明书指明不会出现的错误。&nbsp;<br />\r\n软件功能超出产品说明书指明范围。&nbsp;<br />\r\n软件未达到产品说明书虽未指出但应达到的目标。&nbsp;<br />\r\n软件测试员认为软件难以理解、不易使用、运行速度缓慢，或者最终用户认为不好。&nbsp;\r\n	</p>\r\n	<p class="p18">\r\n		　6.&nbsp;文档测试&nbsp;\r\n	</p>\r\n	<p class="p19">\r\n		产品说明书属性检查清单&nbsp;<br />\r\n完整.是否有遗漏和丢失?完全吗?单独使用是否包含全部内容?&nbsp;<br />\r\n准确.既定解决方案正确吗?目标明确吗?有没有错误?&nbsp;<br />\r\n精确,不含糊,清晰.描述是否一清二楚?还是自说自话?容易看懂和理解吗?&nbsp;<br />\r\n一致.产品功能能描述是否自相矛盾,与其他功能有没有冲突?&nbsp;<br />\r\n贴切.描述功能的陈述是否必要?有没有多余信息?功能是否原来的客户要求?&nbsp;<br />\r\n合理.在特定的预算和进度下,以现有人力,物力和资源能否实现?&nbsp;<br />\r\n代码无关.是否坚持定义产品,而不是定义其所信赖的软件设计,架构和代码?&nbsp;<br />\r\n可测试性.特性能否测试?测试员建立验证操作的测试程序是否提供足够的信息?&nbsp;<br />\r\n产品说明书用语检查清单&nbsp;\r\n	</p>\r\n	<p class="p19">\r\n		说明对问题的描述通常表现为粉饰没有仔细考虑的功能----可归结于前文所述的属性.从产品说明书上找出这样的用语,仔细审视它们在文中是怎样使用的.产品说明书可能会为其掩饰和开脱,也可能含糊其词----无论是哪一种情况都可视为软件缺陷.&nbsp;\r\n	</p>\r\n	<p class="p19">\r\n		总是,每一种,所有,没有,从不.如果看到此类绝对或肯定的,切实认定的叙述,软件测试员就可以着手设计针锋相对的案例.&nbsp;\r\n	</p>\r\n	<p class="p19">\r\n		当然,因此,明显,显然,必然.这些话意图诱使接受假定情况.不要中了圈套.&nbsp;\r\n	</p>\r\n	<p class="p19">\r\n		某些,有时,常常,通常,惯常,经常,大多,几乎.这些话太过模糊."有时"发生作用的功能无法测试.&nbsp;\r\n	</p>\r\n	<p class="p19">\r\n		等等,诸如此类,依此类推.以这样的词结束的功能清单无法测试.功能清单要绝对或者解释明确,以免让人迷惑,不知如何推论.&nbsp;\r\n	</p>\r\n	<p class="p19">\r\n		良好,迅速,廉价,高效,小,稳定.这些是不确定的说法,不可测试.如果在产品说明书中出现,就必须进一步指明含义.&nbsp;\r\n	</p>\r\n	<p class="p19">\r\n		已处理,已拒绝,已忽略,已消除.这些廉洁可能会隐藏大量需要说明的功能.&nbsp;\r\n	</p>\r\n	<p class="p19">\r\n		如果...那么...(没有否则).找出有"如果...那么..."而缺少配套的"否则"结构的陈述.想一想"如果"没有发生会怎样.&nbsp;\r\n	</p>\r\n	<p class="p0">\r\n		&nbsp;\r\n	</p>\r\n</div>', 'web经典案例', '\n	\n		1.&nbsp;概述&nbsp;\n	\n	\n		随着web应用的增多，新的模式解决方案中以web为核心的应用也越来越多，很多公司各种应用的架构都以B/S及web应用为主，但是有关WEB测试方面的内容并没有相应的总结，所以我在这里对web的测试方法和采用的测试技术进行总结，便于内部交流。&nbsp;\n	\n	', 1, 1, '2013-10-16 20:31:22', 3, 0, 2, 37, '/images/post_img_2.jpg', 1440, 2013101620295700074),
(20, 1, '2013-10-24 00:08:41', '<p>\r\n	&nbsp;&nbsp;&nbsp;&nbsp;本人在学校上网一直以来都没花过钱，好像就是一种惯性了，要是提到上网要钱的话就不太舒服了。大一下学期买电脑了天天去学校教学楼蹭wifi，那时候正好学校wifi开放测试使用。\r\n</p>\r\n<p>\r\n	&nbsp;&nbsp;&nbsp;&nbsp;突然有一天发现了“强大”的《西工大的猫》，真的感觉上网舒服多了，就是下载东西的时候有点小问题，不过都是技术不成熟导致的，大二时，我们宿舍关于西工大的猫使用问题那是研究的一个透彻啊，神马都是用代理。我还突发奇想的在手机上使用代理，果然在QQ浏览器上实现了我的猜想。\r\n</p>\r\n<p>\r\n	&nbsp; &nbsp; 其实大二上学期就开始研究西工大的猫了，当时没有那么拼命，只是好奇似的看了一下而已。到了大二下学期有一天很是好奇的去找相关东西，结果找到的不是资料而是一个人。准确的来说是一个人的博客，那就是我的偶像：<a href="http://xiaoxia.org/" target="_blank">XIAOXIA[PG]</a>&nbsp;;感觉他真的大强大了，在他的文章评论里面我偶然找到了一个人：<a href="http://www.lijiejie.com/" target="_blank">李劼杰</a>&nbsp;这个人就是西工大的猫的作者。西工大的一个学长，都是牛人啊。\r\n</p>\r\n<p>\r\n	&nbsp; &nbsp; 我在小虾的博客上找到了我要的代码，甚至还有小虾编译好的exe文件。直接运行就可以了。我当时就想直接做一个类似于西工大的猫的代理软件，不过我又一次意外发现了一个感觉更好用的类似软件：教育网终结者。现在作者<span>已经</span>改名了，改成：<a href="http://blog.solesschong.com/?page_id=106">考拉上网助手</a>&nbsp;了，不过我还是觉得老版的简单好用，我一直在使用它，直接把西工大的猫给替换掉了。由于它的简单好用，我也就没有心思去重写一遍这个软件了。\r\n</p>\r\n<p>\r\n	&nbsp; &nbsp; 到了大三，也就是前不久，回想到我大二上学期用c语言做的“<a href="http://yun.baidu.com/share/link?shareid=1868882023&uk=3021608454&third=null" target="_blank">拼图游戏</a>”，又有用c语言做东西的冲动，就想到了做一个“<a href="http://nav.vell001.ml/vproxy.html" target="_blank">陕科大的狗</a>”,结果用了估计就半天就完工了，就是界面发我时间比较多，因为使用c语言写的，界面使用的是一个<a href="http://www.easyx.cn/" target="_blank">easyx</a>的图形库，特别简单的一个图形库，每一个按钮都是一张张图片拼起来的，做界面很累的。不过我大学里除了c语言还算可以之外别的都拿不出手了，java还行，别的都很水，神马python都是半桶水，c#更是一知半解，所以我在做小的桌面应用的时候第一个想到的还是c语言加easyx。不管过程了吧，结果还算可以吧，呵呵。直接使用的小虾的exe编译文件，所以本身程序特别简单，就是一些界面代码，不值一提了都。做完之后在宿舍里面试用了一下，效果还不错哦。Saraline还给做了一个安装方法的小网页，虽然东西不多，但我已经很高兴了。。。呵呵\r\n</p>\r\n<p>\r\n	&nbsp; &nbsp; 现在让我最为头疼的是这个月租的服务器连接ssh不能使用代理连接，我都是用putty和flashfxp，都无法使用代理连接我的服务器，上次直接访问不了了，我就特别无奈了。所以搭建这个网站我都是借用舍友的cmcc-edu和电信的网，这边蹭一下那边<span>蹭一下的，搞得我都不好意思了。。。哎，想到上网要花钱，那是多么悲伤的一件事情的，特别是对于我这种屌丝来说更是雪上加霜啦。。。这个服务器每个月花费在40元（还好赶上了6折优惠，哈哈），</span>开个2M网的话一个月又得个30元，伤啊。。。生活费不够用了啊，嘻嘻~~~\r\n</p>\r\n<p>\r\n	&nbsp; &nbsp; 这么沉重的话题今天就说到这了，总之很伤心很难过，说到底全是钱啊~~~\r\n</p>', '本人学校上网问题', '\r\n	&nbsp;&nbsp;&nbsp;&nbsp;本人在学校上网一直以来都没花过钱，好像就是一种惯性了，要是提到上网要钱的话就不太舒服了。大一下学期买电脑了天天去学校教学楼蹭wifi，那时候正好学校wifi开放测试使用。\r\n\r\n\r\n	&nbsp;&nbsp;&nbsp;&nbsp;突然有一天发现...', 1, 1, '2013-10-27 16:49:14', 3, 0, 0, 14, 'http://vview.vell001.ml//images/post_img/post_img (9).jpg', 1413, 2013102323494005590),
(24, 1, '2013-11-02 21:34:47', '<p>\r\n	<br />\r\n</p>\r\n<p>\r\n	<a href="http://pan.baidu.com/share/link?shareid=3294132772&amp;uk=3021608454" target="_blank"><img src="/attached/image/20131102/20131102213258_605.png" alt="" /></a> \r\n</p>\r\n<p>\r\n	<br />\r\n</p>\r\n<p>\r\n	下载地址：<a href="http://pan.baidu.com/share/link?shareid=3294132772&amp;uk=3021608454" target="_blank">点我传送</a> \r\n</p>', 'Multisim12.1下载', '\r\n	\r\n\r\n\r\n	 \r\n\r\n\r\n	\r\n\r\n\r\n	下载地址：点我传送 \r\n', 1, 1, '2013-11-02 21:35:02', 4, 0, 0, 40, '/attached/image/20131102/20131102213258_605.png', 1439, 2013110221291120307);
INSERT INTO `post` (`id`, `author`, `pdate`, `content`, `title`, `excerpt`, `status`, `comment_status`, `mdate`, `category_id`, `parent`, `comment_count`, `click_count`, `excerpt_img`, `score`, `uid`) VALUES
(26, 1, '2013-11-08 18:58:14', '<p style="text-align:center;">\r\n	今天刚打开电脑，360就给了个这提醒。。。占了我电脑半快屏幕，可是我中午还看见了搜狗的公告说360纯属造谣~~~\r\n</p>\r\n<p style="text-align:center;">\r\n	<img src="/attached/image/20131108/20131108184853_793.png" alt="" /> \r\n</p>\r\n<p style="text-align:left;">\r\n	<br />\r\n</p>\r\n<p>\r\n	面对这样有深意的话题，我都不知道咋评论了，好想问自己：我是卸载搜狗呢，还是360呢，还是搜狗和360呢？？？\r\n</p>\r\n<p>\r\n	现在互联网公司我们究竟能信谁？信一直老老实实的搜狗，还是臭名昭著却主打安全的360啊。。。谁能给个答案？我无解了。\r\n</p>\r\n<p>\r\n	这次360好像非常有力啊，各种新闻，详见：<a href="http://s.pop.zt.360.cn/pop/20101220/3107.html?tpl=df&page=1" target="_blank">点我看360新闻</a> \r\n</p>\r\n<p>\r\n	<br />\r\n</p>', '360 VS 搜狗', '\r\n	今天刚打开电脑，360就给了个这提醒。。。占了我电脑半快屏幕，可是我中午还看见了搜狗的公告说360纯属造谣~~~\r\n\r\n\r\n	 \r\n\r\n\r\n	\r\n\r\n\r\n	面对这样有深意的话题，我都不知道咋评论了，好想问自己：我是卸载搜狗呢，还是360呢，还是搜狗和360呢？？？\r\n\r\n\r\n	现在互联网公司我...', 1, 1, '2013-11-08 19:13:48', 1, 0, 2, 26, '/attached/image/20131108/20131108184853_793.png', 1430, 2013110818465626705),
(21, 1, '2013-10-29 22:24:31', '<p style="text-align:center;">\r\n	这是正常的时钟显示：\r\n</p>\r\n<p style="text-align:center;">\r\n	<embed width="180" height="180" align="middle" quality="high" src="http://images.cnblogs.com/cnblogs_com/csharp/clock.swf" type="application/x-shockwave-flash" />\r\n</p>\r\n<p style="text-align:center;">\r\n	哈哈，下面的时钟搞笑不？\r\n</p>\r\n<p style="text-align:center;">\r\n	<embed width="160" height="70" align="middle" type="application/x-shockwave-flash" allowscriptaccess="always" quality="high" src="http://chabudai.sakura.ne.jp/blogparts/honehoneclock/honehone_clock_tr.swf" />\r\n</p>\r\n<p style="text-align:center;">\r\n	附上代码吧，有兴趣的可以转走哦：\r\n</p>\r\n<p style="text-align:center;">\r\n	第一个图片代码：\r\n</p>\r\n<p style="text-align:center;">\r\n	&lt;embed width="180" height="180" align="middle" quality="high"\r\n</p>\r\n<p style="text-align:center;">\r\n	&nbsp;src="http://images.cnblogs.com/cnblogs_com/csharp/clock.swf" type="application/x-shockwave-flash" /&gt;\r\n</p>\r\n<p style="text-align:center;">\r\n	第一个图片代码：\r\n</p>\r\n<p style="text-align:center;">\r\n	&lt;embed width="160" height="70" align="middle" type="application/x-shockwave-flash" allowscriptaccess="always" quality="high" src="http://chabudai.sakura.ne.jp/blogparts/honehoneclock/honehone_clock_tr.swf" /&gt;\r\n</p>', '发现个搞笑的时钟。。。哈哈', '\r\n	这是正常的时钟显示：\r\n\r\n\r\n	\r\n\r\n\r\n	哈哈，下面的时钟搞笑不？\r\n\r\n\r\n	\r\n\r\n\r\n	附上代码吧，有兴趣的可以转走哦：\r\n\r\n\r\n	第一个图片代码：\r\n\r\n\r\n	&lt;embed width="180" height="180" align="middle" quality="...', 1, 1, '2013-11-01 21:57:34', 5, 0, 0, 57, 'http://vview.vell001.ml//images/post_img/post_img (7).jpg', 1456, 2013102922224507053),
(22, 1, '2013-11-01 22:16:13', '<p>\r\n	我好奇的在百度上搜索了一下<span style="background-color:#FFFFFF;color:#4C33E5;"><a href="http://www.baidu.com/s?ie=utf-8&bs=V7View&f=8&rsv_bp=1&wd=V%26View&rsv_sug3=2&rsv_sug=1&rsv_sug1=1&rsv_sug4=884&inputT=1747" target="_blank">V&amp;View</a>，<span style="color:#000000;">结果是：</span></span> \r\n</p>\r\n<p>\r\n	<span style="background-color:#FFFFFF;color:#4C33E5;"><span style="color:#000000;"><img src="/attached/image/20131101/20131101220419_719.png" alt="" /><br />\r\n</span></span> \r\n</p>\r\n<p>\r\n	<span style="background-color:#FFFFFF;color:#4C33E5;"><span style="color:#000000;">发现第一个不是我的网站，第二个才是，我奇怪了很久。我发现这个网站已经很久了，之前搜索出来直接是人家的网站，我还上百度快照投诉了几遍，没有效果，只是改变了网站的题目，搜索关键字还是第一个，说明百度搜索的检索和关键字搜索没有做到同步更新啊！！！这算不算是个bug啊</span></span> \r\n</p>\r\n<p>\r\n	<span style="background-color:#FFFFFF;color:#4C33E5;"><span style="color:#000000;">刚刚又投诉了：<img src="/attached/image/20131101/20131101221254_104.png" alt="" /></span></span> \r\n</p>\r\n<p>\r\n	<span style="background-color:#FFFFFF;color:#4C33E5;"><span style="color:#000000;">等待回复消息中，本文章持续更新中。。。</span></span> \r\n</p>\r\n<p>\r\n	<span style="background-color:#FFFFFF;color:#4C33E5;"><span style="color:#000000;">2013-11-03 10:00</span></span> \r\n</p>\r\n<p>\r\n	<span style="background-color:#FFFFFF;color:#4C33E5;"><span style="color:#000000;">起床百度了一下V&amp;View，发现了百度的细微变化：</span></span> \r\n</p>\r\n<p>\r\n	<span style="background-color:#FFFFFF;color:#4C33E5;"><span style="color:#000000;"><img src="/attached/image/20131103/20131103095846_430.png" alt="" /><br />\r\n</span></span> \r\n</p>\r\n<p>\r\n	<span style="background-color:#FFFFFF;color:#4C33E5;"><span style="color:#000000;">V&amp;View上升到第一位了，可是wanweng.com还是没有从V&amp;View关键字里去掉，太奇怪了，百度这般情况是神马意思啊！有点对百度小失望啊。。。</span></span> \r\n</p>\r\n<p>\r\n	<span style="background-color:#FFFFFF;color:#4C33E5;"><span style="color:#000000;">有没有高人解释下这是搜索引擎的那部分造成的呢，个人觉得是引索系统（爬虫）没有及时更新，或者更新不完全导致的</span></span> \r\n</p>\r\n<p>\r\n	<span style="background-color:#FFFFFF;color:#4C33E5;"><span style="color:#000000;"><br />\r\n</span></span> \r\n</p>\r\n<p>\r\n	<span style="background-color:#FFFFFF;color:#4C33E5;"><span style="color:#000000;"><span style="background-color:#FFFFFF;">2013-11-06 21:30</span><br />\r\n</span></span> \r\n</p>\r\n<p>\r\n	今天再试了一次百度结果：\r\n</p>\r\n<p>\r\n	<img src="http://vview.vell001.ml/attached/image/20131106/20131106212637_26.png" alt="" /> \r\n</p>\r\n<p>\r\n	投诉还真有用啊，那个无聊的网站总算被V&amp;View给挤掉了啊。。。哈哈~~~得瑟一个先\r\n</p>', '百度搜索关键词问题（更新时间2013-11-06）', '\r\n	我好奇的在百度上搜索了一下V&amp;View，结果是： \r\n\r\n\r\n	\r\n \r\n\r\n\r\n	发现第一个不是我的网站，第二个才是，我奇怪了很久。我发现这个网站已经很久了，之前搜索出来直接是人家的网站，我还上百度快照投诉了几遍，没有效果，只是改变了网站的题目，搜索关键字还是第一个，说明百度搜索的检...', 1, 1, '2013-11-07 03:50:02', 5, 0, 0, 53, '/attached/image/20131101/20131101220419_719.png', 1452, 2013110122022216511),
(23, 1, '2013-11-02 00:18:47', '<p style="text-align:center;font-size:14px;text-indent:2em;color:#252525;font-family:宋体, sans-serif;background-color:#FFFFFF;">\r\n	<span style="font-size:14px;line-height:1.5;"><img src="http://e.titan24.com/e/ttzb/20101224/24_7.jpg" alt="" /><br />\r\n</span> \r\n</p>\r\n<p style="font-size:14px;text-indent:2em;color:#252525;font-family:宋体, sans-serif;text-align:justify;background-color:#FFFFFF;">\r\n	<span style="font-size:14px;line-height:1.5;">对于<a href="http://www.baidu.com/link?url=2bzkIZZOMVttsbA6b5os6m4ozTIxiLG3Ax6vM23BKzlhSTTDxBLhqkfF2cq2cRJU4v39rDEsu4di6l3fnmMx74Ak2yH1aDGauldlCWPetTMpWcZc9FkM1kAvbmByJ2cW" target="_blank">维特尔</a>而言，不但做到了成名要趁早，也实现了连冠的霸业。2010年开始进入到冠军模式，成为F1历史上最年轻的冠军，如果说处子冠军多少拜法拉利进站策略失误所赐，那2011-13年的三连冠完全是整体实力的完美体现，尤其是2011和13这两年都做到了一览众山小。</span> \r\n</p>\r\n<p style="font-size:14px;text-indent:2em;color:#252525;font-family:宋体, sans-serif;text-align:justify;background-color:#FFFFFF;">\r\n	从两冠王到三连冠直至如今的四冠王，当维特尔每往前一步都创造新的历史，也将一批前辈抛在身后。在印度站完成第四冠后，布拉汉姆、斯图尔特、劳达、皮奎特和塞纳这五位三冠王今后都将望其项背，无法再平起平坐。而维特尔拿到第四冠后，也将与法国传奇车手普罗斯特并肩，但德国人完成了四连冠，而普罗斯特并没有做到。\r\n</p>\r\n<p style="font-size:14px;text-indent:2em;color:#252525;font-family:宋体, sans-serif;text-align:justify;background-color:#FFFFFF;">\r\n	<span style="color:#252525;font-family:宋体, sans-serif;font-size:14px;line-height:24px;background-color:#FFFFFF;">从这一刻开始，维特尔仅需仰视两位大神，七冠王<a href="http://www.baidu.com/link?url=Yuk_8DokJhPReCD8zJkkjKa_0v9WUs0ucX3uud-KNJ2vZ90G96Ile0lydM-GIvU9MjUbXjGBvu_uI5OnONZMAucr6fymg6sSizdEMYkaAw_" target="_blank">舒马赫</a>和五冠王方吉奥，这其中方吉奥也完成过四连冠，而舒马赫则实现了五连冠。让人感到不可思议的是，维特尔只有26岁，他还有大把的时间却赶超方吉奥和舒马赫，尽管未来的一切未卜先知，但就当下而言，维特尔所取得的成就只能用让人汗颜来形容。</span> \r\n</p>\r\n<p style="font-size:14px;text-indent:2em;color:#252525;font-family:宋体, sans-serif;text-align:justify;background-color:#FFFFFF;">\r\n	<span style="color:#252525;font-family:宋体, sans-serif;font-size:14px;line-height:24px;background-color:#FFFFFF;">摘抄自：<a href="http://sports.163.com/13/1027/19/9C7E3UB600051CDQ.html#p=9C7H4C2K00QR0005" target="_blank">网易新闻</a></span> \r\n</p>\r\n<p style="text-align:justify;">\r\n	个人见解：\r\n</p>\r\n<p style="text-align:justify;">\r\n	&nbsp; &nbsp; 我个人是非常喜欢小维（维特尔）的，我从08年才开始接触F1这项运动，09年才开始真正意义上的看赛车。我不是老车迷，我还停留在看车手的层面，没有晋级到看车队的高度。我个人不是很喜欢法拉利的那种“金钱”式的胜利方式，更喜欢草根型的。我对法拉利没有偏见的，我看过很多之前舒马赫在法拉利效力的视频，还是非常喜欢这个车队文化的，不过更多的可能是喜欢舒马赫的那种统治性胜利给我带来的偶像感吧。\r\n</p>\r\n<p style="text-align:justify;">\r\n	&nbsp; &nbsp; 07年我读初三，好像是6月份，没记错的话，那时候看CCTV5正好看见了美国站吧，当时是小维的第一个F1比赛。记得录像里面评论员多次提到了塞巴斯蒂安维特尔这个人，不过当时就是好奇的，有点印象吧。因为当时维特尔只有19岁，就拿到了积分，真的是一个神童，所以08年我就开始注意这个车手了。\r\n</p>\r\n<p style="text-align:justify;">\r\n	&nbsp; 08年是我开始入门F1的时候，那年是哈密尔顿和马萨的表演，不过我没太看明白。记得在08年的意大利站，维特尔冒雨上演F1中的“帽子戏法”由杆位到冠军，号称“雨神”，或者“舒马赫传人”。这一站比赛好像我没看，当时还不是很清楚F1的比赛时间和播放时间，我正读高一，也没上过网，只能从电视上得到一些信息，可是上学时间很紧，又没时间看电视，所以一直没搞明白比赛时间。\r\n</p>\r\n<p style="text-align:justify;">\r\n	&nbsp; &nbsp; 09年开始我就开始真正意义上的看F1比赛了。年前把所有赛事的时间都记录下来了。我尽我最大努力去看完所有比赛，虽然还是没有看完整，但对于我来说算是一个整体的赛季吧。这一年记得清清楚楚的有五个人：巴顿、巴里切罗、罗斯布朗、维特尔、纽维；这几个人绝对是09年的主角。罗斯布朗的双层扩散器游离于规则边缘，获益极大，直接导致布朗GP车队的车拉出别的车队一个等级了。别的车队只能看着巴顿的车轮印跑。不过纽维这个天才设计师可不是吃素的，小维在雨天的中国站里表现出了他最擅长的统治性胜利，向布朗发起挑战。到最后赛季末，其实红牛已经有实力夺得世界冠军的，但是<span>赛季后半程红牛的稳定性严重不足，</span>都是红牛自己的原因导致小维最终只能屈居第二了。不过这也是最年轻的世界亚军。\r\n</p>\r\n<p style="text-align:justify;">\r\n	&nbsp; &nbsp; 10年是惊心动魄的。那时我已经算是一个成熟的F1车迷了，了解了很多专业词语，比如：转向不足、转向过度、kers等等。有我自己成熟的偶像：维特尔！！！这一年刚开始小维表现非常不稳定，老是犯错。不过得力于纽维设计的赛车性能优异，纽维这位空气动力学专家设计出来的赛车就像是一架贴地飞行的战斗机。到赛季末，一直处于领先的另一位红牛车手韦伯，和法拉利车手阿隆索才是争冠热门，对于小维只存在理论上的可能。这种局势一直持续到最后一站阿布扎比，最后一站维特尔完美表现，加上法拉利的决策失误，最终这位最年轻的世界冠军诞生了。这是整个F1都需要记住的日子，维特尔正上演着他的传奇。。。还记得他在头盔里痛哭的声音，敲碎人心啊！！！我坚信他将是伟大的。\r\n</p>\r\n<p style="text-align:justify;">\r\n	&nbsp; &nbsp; 11年是波澜不惊的。纽维的车有火星车之称，没有人能够撼动小维，一个接着一个的分站冠军，别人只有眼睁睁看着的份。19站比赛11个冠军5个亚军，这是要超越舒马赫的趋势啊~~~当时我都记得阿隆索说：“我只能跟着别人的变速箱跑，而维特尔却看不见别人的变速箱。”。这一年我看F1的时间很少，我刚上大学了，光顾着玩手机了，而且比赛都不用看就知道结果的。\r\n</p>\r\n<p style="text-align:justify;">\r\n	&nbsp;&nbsp;&nbsp;&nbsp;&nbsp; &nbsp; 12年的最后一站我记忆深刻，那天晚上，我的舍友都说我疯了。晚上2点开始看直播的，到晚上4点还没睡，正狂发说说，想一解我心头之快啊。。。这站比赛绝对算的上是经典吧。比赛的惊险程度都能让我心跳停止了，12年真的是有惊无险的一年啊。12年冠军悬念保持到了最后一站比赛的最后时刻，原因有很多，法拉利后半段的崛起，火星车回到地球，小维变成倒霉蛋等等，这些都是外界不利因素。但不要忘了，火星车回到地球了，可地球人却是飞上了火星啊。个人感觉小维12年表现已经很稳定了，没有犯太大的错误，可是现实总是残酷的，祸不单行，倒霉透顶，到最后一站还被人直接改撞了个180度，不仅位置掉到了最后，车还给撞坏了。当时一发车看见这情景，我都觉得我的心都不跳了。可是小维却异常冷静的把车开回正道，并以不可思议的速度在完成超车。只看见车队掌门人霍纳和赛车总设计师纽维在监控器前抖脚的紧张，却丝毫没感觉到小维准备就此退赛的趋势。只见小维速度的不可思议，还有阿隆索运气的极限。阿隆索真的是幸运到了极限，前面几辆车都是意外的出局，直接让阿隆索跑到第一的位置上 了，小维一开赛就被人撞反了，这都是老天安排要阿隆索拿冠军的趋势啊。估计老天也是地球人，斗不过火星人的。小维丝毫不放弃，一直坚持到最后，加上前辈舒马赫的支持，小维最终以3分的优势硬把阿隆索干掉了。这个冠军实至名归啊。虽然对于阿隆索有些残忍，但不得不说，小维真的飞上火星了。。。\r\n</p>\r\n<p style="text-align:justify;">\r\n	&nbsp;&nbsp;&nbsp;&nbsp;&nbsp; &nbsp; 13年，也就是今年，我都不好意思再给同学说维特尔夺冠了，舍友都听烦了。可是小维真的创造了他自己的奇迹，最年轻的四届世界冠军。。。\r\n</p>\r\n<p style="text-align:justify;">\r\n	&nbsp;&nbsp;&nbsp;&nbsp;&nbsp; &nbsp; 我坚信小维的实力，但最打动我的是他的性格，平易近人，风趣，直爽，开朗，乐观，做事认真严谨专注、、、这些评价都是我自己给小维加的，在我眼中看到的小维确实是这样的一个偶像赛车手。有一些负面新闻说小维比赛就靠车好，要是车不好就什么都不是了。我想说哪个车手要是车不好能拿冠军吗？阿隆索一有问题第一个就是车的问题，让车的永远是马萨，小白鼠也永远是马萨，我很怀疑他的技术能比马萨好多少。韦伯的车能说不好吗？拿冠军的咋不是韦伯？小维能拿冠军不是光靠他一个人，而是整个团体合作的结果。当时舒马赫在法拉利时，舒米以个人魅力能促使整个团队效率提高几倍，罗斯布朗请舒米回归奔驰的目的一大部分就是想借助舒米的个人魅力来激励整个团队。车手的个人魅力体现在哪？我觉得体现在周围人对车手的认可，以及愿意为车手做出最大的努力上。很显然，红牛车队里小维的个人魅力是无穷的。。。他和纽维就是天造地设的一对啊。。。\r\n</p>\r\n<p style="text-align:justify;">\r\n	&nbsp;&nbsp;&nbsp;&nbsp;&nbsp; &nbsp; 还有一些名人给小维的评价（摘抄自百度百科）：\r\n</p>\r\n<p style="text-align:justify;">\r\n	<br />\r\n</p>\r\n<div class="para" style="color:#333333;font-family:arial, 宋体, sans-serif;font-size:14px;background-color:#FFFFFF;">\r\n	<div class="para" style="color:#333333;font-family:arial, 宋体, sans-serif;font-size:14px;background-color:#FFFFFF;">\r\n		车王<a target="_blank" href="http://baike.baidu.com/view/5562.htm">迈克尔·舒马赫</a>：“塞巴斯蒂安的表现足以证明他的才华，他在合适的时间和合适的时机进入了F1，对于赛车，他做出了前人没有的表现。他的未来将会是一片光明，他非常有潜力能够赢得F1冠军，总会有那么一天的。”\r\n	</div>\r\n	<div class="para" style="color:#333333;font-family:arial, 宋体, sans-serif;font-size:14px;background-color:#FFFFFF;">\r\n		宝马－索伯车队主管马里奥·泰森博士：“塞巴斯蒂安表现出了卓越的天赋，而且他的成绩是无与伦比的。他第一次代表车队参加F1时才19岁，而且仅仅经过一个赛季的洗礼，他已经能够在优秀车手榜单上排得上名次了。\r\n	</div>\r\n	<div class="para" style="color:#333333;font-family:arial, 宋体, sans-serif;font-size:14px;background-color:#FFFFFF;">\r\n		梅赛德斯·<a target="_blank" href="http://baike.baidu.com/view/2455.htm">奔驰</a>运动总监豪格：“维特尔的天赋相当高，08赛季他技惊四座的表现给我们留下了深刻的印象，特别是意大利站，当时蒙扎赛道大雨滂沱，很多位有着多年经验的车手出现失误，但是维特尔不仅获得杆位，而且驾驶小红牛STR3获得分站冠军，他太不简单了。”\r\n	</div>\r\n	<div class="para" style="color:#333333;font-family:arial, 宋体, sans-serif;font-size:14px;background-color:#FFFFFF;">\r\n		<a target="_blank" href="http://baike.baidu.com/view/5283.htm">莱科宁</a>说道，“我看好<a target="_blank" href="http://baike.baidu.com/view/446742.htm">维特尔</a>会再次成为世界冠军，他的比赛总是那么充满激情，我觉得他是当今所有F1车手中最好的。”\r\n	</div>\r\n</div>\r\n<p>\r\n	<br />\r\n</p>\r\n<p style="text-align:justify;">\r\n	&nbsp;&nbsp;&nbsp;&nbsp;&nbsp; &nbsp; 说了这么多我个人对小维的看法，可能其中有些地方比较极端，本人愚见，还请大家谅解。\r\n</p>\r\n<p style="text-align:justify;">\r\n	&nbsp;&nbsp;&nbsp;&nbsp;&nbsp;&nbsp;&nbsp;&nbsp;最后来个小维的视频吧，不小心找到的，截的挺好的，分享一下啦：\r\n</p>\r\n<div style="text-align:center;">\r\n	<iframe width="860" height="500" src="http://player.youku.com/embed/XNjI4MjUyMzc2" frameborder="0">\r\n	</iframe>\r\n</div>', '小维四连冠感想', '\r\n	\r\n \r\n\r\n\r\n	对于维特尔而言，不但做到了成名要趁早，也实现了连冠的霸业。2010年开始进入到冠军模式，成为F1历史上最年轻的冠军，如果说处子冠军多少拜法拉利进站策略失误所赐，那2011-13年的三连冠完全是整体实力的完美体现，尤其是2011和13这两年都做到了一览众山小。 \r\n\r\n\r\n	...', 1, 1, '2013-11-08 19:04:05', 2, 0, 0, 55, 'http://e.titan24.com/e/ttzb/20101224/24_7.jpg', 1454, 2013110123183117199),
(10, 2, '2013-10-16 22:44:23', '<p>\r\n	emu8086中文破解版\r\n</p>\r\n<p>\r\n	<a href="http://pan.baidu.com/s/11hDiU" target="_blank"> 点我下载 </a> \r\n</p>', 'emu8086下载', '\r\n	emu8086中文破解版\r\n\r\n\r\n	 点我下载  \r\n', 1, 1, '2013-10-19 00:26:28', 4, 0, 1, 84, 'http://vview.vell001.ml//images/post_img_4.jpg', 1485, 2013101622434600162),
(11, 1, '2013-10-17 01:18:12', '<p>\r\n	今天晚上我给网站加了一个评论回复邮件提醒功能，在升级服务器的时，重启tomcat后一直访问不了网站，我很是郁闷，所有的设置都是正确的，我就修改了我的网站文件夹\r\n</p>\r\n<p>\r\n	<br />\r\n</p>\r\n<p>\r\n	结果是我忽略了我的文件夹结构，我是用<span style="color:#4C33E5;">tomcat/vview/ROOT/index.jsp</span>结构的，修改完代码后变成<span><span style="color:#4C33E5;">tomcat/vview/index.jsp</span>。。。结果网站能连接确ping不通，用curl得到的是空值。。。</span> \r\n</p>\r\n<p>\r\n	<span>这种低级错误让我耗费了几个小时，最大的原因是cmcc-edu网速太慢，真是牛速啊（蜗牛），ssh敲个字母一点反应都没有。。。到现在才算好了点，真心对移动失望了</span> \r\n</p>', '今晚tomcat无法访问问题', '\n	今天晚上我给网站加了一个评论回复邮件提醒功能，在升级服务器的时，重启tomcat后一直访问不了网站，我很是郁闷，所有的设置都是正确的，我就修改了我的网站文件夹\n\n\n	\n\n\n	结果是我忽略了我的文件夹结构，我是用tomcat/vview/ROOT/index.jsp结构的，修改完代码后变成tomcat/vview/index.jsp。。。结果网站能连接确ping不通，用curl得到的是空值。。。 \n\n\n	', 1, 1, '2013-10-17 01:18:15', 3, 0, 0, 5, 'http://vview.vell001.ml//images/post_img_1.jpg', 1404, 201310171175300949),
(19, 1, '2013-10-23 23:11:22', '<p>\r\n	VellLock是我上学期的心血，它还给我带来了校级两个一等奖呢。可是由于一次硬盘风波，丢失了全部源代码，剩下的只有成品，还有我能找到的最早版本的VellLock甚至还没有加修改主题，真的是各种悲剧。\r\n</p>\r\n<p>\r\n	今天突然想起我的往事了，就想到好久没有关注我的VellLock了，随手上豌豆荚看了看，吓我一跳：\r\n</p>\r\n<p>\r\n	<img src="/attached/image/20131023/20131023230534_158.png" width="900" height="131" alt="" /> \r\n</p>\r\n<p>\r\n	下载量咋这么高？？？完全超乎我的意料。我很是愧疚啊。。。这个是我的最新版，也是最终版，因为这个版本的源代码完全丢失，世间经此一个。里面网站下载链接早已失效，好多信息都没有更新。不是我不想去更新，而是我真的没办法改变。我很无奈啊，面对这么多的下载量（对于我来说也是个庞大的数字），再看看我的最早版本的源代码，我心都凉了，我要么重新写VellLock,要么放弃这个项目。我之前重写了一部分，写不下去了就发在了360应用上，下载量更是可观啊：\r\n</p>\r\n<p>\r\n	<img src="/attached/image/20131023/20131023231112_523.png" alt="" /> \r\n</p>\r\n<p>\r\n	我是非常的揪心啊，感觉对不住用户啊，没能提供一个好的用户体验，我很愧疚，却也很无奈啊。\r\n</p>\r\n<p>\r\n	我要好好考虑下我的VellLock计划了，我要是还在读大一的话，肯定重写了，大三了，没多少时间了。等等看吧，这两星期电子实训过了看能腾时间出来不。\r\n</p>\r\n<p>\r\n	头疼ing...\r\n</p>', 'VellLock(单词锁屏)——揪心啊', '\r\n	VellLock是我上学期的心血，它还给我带来了校级两个一等奖呢。可是由于一次硬盘风波，丢失了全部源代码，剩下的只有成品，还有我能找到的最早版本的VellLock甚至还没有加修改主题，真的是各种悲剧。\r\n\r\n\r\n	今天突然想起我的往事了，就想到好久没有关注我的VellLock了，随手上豌豆荚看...', 1, 1, '2013-11-08 19:09:15', 3, 0, 2, 163, '/attached/image/20131023/20131023230534_158.png', 1567, 2013102322592105345),
(12, 1, '2013-10-17 01:19:26', '<pre id="best-content-602138060" class="best-text mb-10">\r\n<h1 class="mb-5" style="font-size:16px;font-family:''Microsoft YaHei'', SimHei, arial;color:#333333;">\r\n	<span class="ask-title">启动mysql 报错： ERROR 2002 (HY000): Can’t connect to local MySQL server through socket ‘/var/lib</span> \r\n</h1>\r\n百度知道还是很猛的。。。我还是很菜的，这样的事都能让我碰见。。。还纠结了几分钟\r\n</pre>\r\n<pre id="best-content-602138060" class="best-text mb-10">1、先查看 /etc/rc.d/init.d/mysqld status 看看m y s q l 是否已经启动.\r\n另外看看是不是权限问题.\r\n2、确定你的mysql.sock是不是在那个位置，\r\nmysql -u 你的mysql用户名 -p -S /var/lib/mysql/mysql.sock\r\n3、试试：service mysqld start</pre>\r\n<br />', 'mysql 报错： ERROR 2002 (HY000)解决', '\r\n\r\n	启动mysql 报错： ERROR 2002 (HY000): Can’t connect to local MySQL server through socket ‘/var/lib \r\n\r\n百度知道还是很猛的。。。我还是很菜的，这样的事都能让我碰见。。。还纠结了几分钟\r\n\r\n1、先查看 /etc/rc.d/init.d/mysqld status 看看m y s q l 是否已经启动.\r\n另外看看是不是权限问题.\r\n2、确定你的mysql.sock是不是在那个位置，\r\nmysql -u 你的mysql用户名 -p -S /var/lib/mysql/mysql.sock\r\n3、试试：service mysqld start\r\n', 1, 1, '2013-10-17 01:19:26', 3, 0, 0, 5, 'http://vview.vell001.ml//images/post_img_3.jpg', 1404, 201310171190802011),
(13, 1, '2013-10-18 02:12:01', '<p>\r\n	<span><span style="font-size:14px;line-height:21px;">2013-10-18-02:00</span></span> \r\n</p>\r\n<p>\r\n	<span style="font-family:微软雅黑;font-size:14px;line-height:1.5;">1. 添加用户注册</span> \r\n</p>\r\n<span style="font-family:微软雅黑;font-size:14px;line-height:1.5;">2. 注册用户不用输入验证码直接评论</span><br />\r\n<span style="font-family:微软雅黑;font-size:14px;line-height:1.5;">3. 添加用户管理，暂时只有修改密码这一项</span><br />\r\n<p>\r\n	<span style="font-family:微软雅黑;font-size:14px;line-height:1.5;">4. 注册用户评论时默认出现信息不用重复填写</span> \r\n</p>\r\n<p>\r\n	<span style="font-family:微软雅黑;font-size:14px;line-height:1.5;"><br />\r\n</span> \r\n</p>\r\n<p>\r\n	<span style="font-family:微软雅黑;font-size:14px;line-height:1.5;"><span style="font-family:微软雅黑;font-size:14px;line-height:21px;">2013-10-18-03:00</span></span> \r\n</p>\r\n<p>\r\n	<span style="font-family:微软雅黑;font-size:14px;line-height:1.5;">1. <span style="font-family:微软雅黑;font-size:14px;line-height:normal;">修复发帖权限</span><br />\r\n</span> \r\n</p>\r\n<p>\r\n	<span style="font-family:微软雅黑;font-size:14px;line-height:1.5;">2. 增加注册时的邮箱验证，验证验证更安全哦。。。</span> \r\n</p>\r\n<p>\r\n	<span style="font-family:微软雅黑;font-size:14px;line-height:1.5;"><br />\r\n</span> \r\n</p>\r\n<p>\r\n	<span style="font-family:微软雅黑;font-size:14px;line-height:1.5;"><span style="font-family:微软雅黑;font-size:14px;line-height:21px;">2013-10-27-16:40</span></span> \r\n</p>\r\n<p>\r\n	<span style="font-family:微软雅黑;font-size:14px;line-height:1.5;"><span style="font-family:微软雅黑;font-size:14px;line-height:21px;">1.&nbsp;<span style="font-family:微软雅黑;font-size:14px;line-height:normal;">增加最新评论</span></span></span> \r\n</p>\r\n<p>\r\n	<span style="font-family:微软雅黑;font-size:14px;line-height:1.5;"><span style="font-family:微软雅黑;font-size:14px;line-height:21px;">2. <span style="font-family:微软雅黑;font-size:14px;line-height:normal;">解决url中文乱码问题</span></span></span> \r\n</p>\r\n<p>\r\n	<span style="font-family:微软雅黑;font-size:14px;line-height:1.5;"><span style="font-family:微软雅黑;font-size:14px;line-height:21px;">3. <span style="font-family:微软雅黑;font-size:14px;line-height:normal;">添加更多默认图片</span></span></span> \r\n</p>\r\n<p>\r\n	<span style="font-family:微软雅黑;font-size:14px;line-height:1.5;"><span style="font-family:微软雅黑;font-size:14px;line-height:21px;">4.&nbsp;<span style="font-family:微软雅黑;font-size:14px;line-height:normal;">解决tomcat javascript缓存问题</span></span></span> \r\n</p>\r\n<p>\r\n	<span style="font-family:微软雅黑;font-size:14px;line-height:1.5;"><span style="font-family:微软雅黑;font-size:14px;line-height:21px;"><span style="font-family:微软雅黑;font-size:14px;line-height:normal;">5. 修复点击次数漏洞</span></span></span>\r\n</p>', 'V&View升级', '\r\n	2013-10-18-02:00 \r\n\r\n\r\n	1. 添加用户注册 \r\n\r\n2. 注册用户不用输入验证码直接评论\r\n3. 添加用户管理，暂时只有修改密码这一项\r\n\r\n	4. 注册用户评论时默认出现信息不用重复填写 \r\n\r\n\r\n	\r\n \r\n\r\n\r\n	2013-10-18-03:00 \r\n\r\n\r\n...', 1, 1, '2013-10-27 16:40:21', 3, 0, 0, 43, 'http://vview.vell001.ml//images/post_img/post_img (4).jpg', 1442, 201310182105000102),
(14, 7, '2013-10-18 18:08:06', '<p>\r\n	一周又完了，每天上课上实验，除了喜欢的课，很有种被老师们牵着鼻子走的感觉，多，抽像，还讲得又快又没意思，还硬往里塞，还有种你们不学我有什么办法的气势，哎……难道这是我太笨了么。大学里那些所谓的教授教的不吸引人还天天点名来束缚我们……大学，有些无奈。\r\n</p>\r\n<p>\r\n	也可能，念了十几年的书已经定了这种模式，如果改革成自由模式，估计我们大多数包括我的大学生会更加迷茫，因为已经被习惯了“灌溉”……最主要的还是再抛开点束缚，做自己，喜欢的自己。\r\n</p>', '我也来凑凑热闹，哈哈……', '\r\n	一周又完了，每天上课上实验，除了喜欢的课，很有种被老师们牵着鼻子走的感觉，多，抽像，还讲得又快又没意思，还硬往里塞，还有种你们不学我有什么办法的气势，哎……难道这是我太笨了么。大学里那些所谓的教授教的不吸引人还天天点名来束缚我们……大学，有些无奈。\r\n\r\n\r\n	也可能，念了十几年的书已经定了这...', 1, 1, '2013-10-27 16:50:44', 5, 0, 2, 33, 'http://vview.vell001.ml//images/post_img/post_img (13).jpg', 1436, 2013101817442801055),
(15, 1, '2013-10-19 01:14:24', '<p style="text-align:center;">\r\n	&nbsp;V&amp;View二维码\r\n</p>\r\n<p style="text-align:center;">\r\n	在这二维码横行的世界里留下点脚印：\r\n</p>\r\n<p style="text-align:center;">\r\n	<img src="/attached/image/20131019/20131019012408_532.png" alt="" /> \r\n</p>\r\n<p style="text-align:center;">\r\n	<br />\r\n</p>\r\n<p style="text-align:center;">\r\n	欢迎来扫，哈哈。。。还有小的哦。。。\r\n</p>\r\n<p style="text-align:center;">\r\n	<img src="/attached/image/20131019/20131019011333_540.jpg" alt="" /> \r\n</p>\r\n<p>\r\n	<br />\r\n</p>', 'V&View二维码', '\r\n	&nbsp;V&amp;View二维码\r\n\r\n\r\n	在这二维码横行的世界里留下点脚印：\r\n\r\n\r\n	 \r\n\r\n\r\n	\r\n\r\n\r\n	欢迎来扫，哈哈。。。还有小的哦。。。\r\n\r\n\r\n	 \r\n\r\n\r\n	\r\n', 1, 1, '2013-10-19 01:30:26', 5, 0, 0, 9, '/attached/image/20131019/20131019012408_532.png', 1408, 201310191125801091),
(16, 5, '2013-10-19 21:39:08', '<a href="http://bigsoft.pc6.com/big/myeclipse.10.rar" target="_blank">myeclipse破解版绿色版下载地址 </a>', 'myeclipse破解版绿色版下载地址', 'myeclipse破解版绿色版下载地址 ', 1, 1, '2013-10-20 12:48:42', 4, 0, 2, 115, 'http://vview.vell001.ml//images/post_img_5.jpg', 1518, 2013101921383902899),
(17, 1, '2013-10-20 20:12:29', '<p>\r\n	<span>&nbsp;最近有点小堕落，这几天一直在看《小爸爸》，我同学说挺狗血的。确实哈，有那么一点狗血，毕竟是电视剧嘛，可是其中的大多数镜头还是把我打动的稀里哗啦。。。</span> \r\n</p>\r\n<p>\r\n	<span>&nbsp;&nbsp;&nbsp;&nbsp;我在里面有时都不是在看“于果”了，而是在看“齐大胜”，虽然结尾居然“复活”了，这么狗血，可是他的生活，电视剧中他的所作所为真的让人感到这人死得冤，也许有些人的人生就是注定悲剧，不管这人再怎么好再怎么靠谱，都注定要承受上天不公平的安排。这样说有点悲情化了，不过生活还是阳光灿烂的。时间是上天给的，既然我们不能改变上天安排，那就改变自己的生活吧。我又想起《北京青年》里何东说的一句话了：“活着真好”。</span> \r\n</p>\r\n<p>\r\n	<span>&nbsp;&nbsp;&nbsp;&nbsp;看电视剧的时候就特有疑问，疑问生活到底是像于果没有夏天之前那样洒脱，还是像有夏天之后那样的痛并快乐着。记得里面有一句话，大概意思是“最不可靠的情感关系是爱情，最坚不可摧的是亲情，两者加一块就是家庭”。我是那种不喜欢纠结情感的人，我也不是那种懂感情的人。但这部电视剧让我有很深感觉，我能感觉到于果对夏天、夏天对于果的那种骨肉不分离的亲情，能感觉到大胜对小艾、小艾对大胜的那种纯真生死相依的爱情，能感受到大胜对于果、于果对大胜的那种死党骨灰级的友情。</span> \r\n</p>\r\n<p>\r\n	<span>&nbsp;&nbsp;&nbsp;&nbsp;我个人挺羡慕于果，挺可怜大胜。话说我也想以后毕业了做个修车的呢，哈哈，这是我的一个小梦想啦~~~不说了，这电视剧就总结到这吧，挺好的一电视剧，有时间可以看看哦，看过的咱们可以交流交流呀，嘻嘻</span> \r\n</p>\r\n<p>\r\n	<span><br />\r\n</span> \r\n</p>\r\n<p>\r\n	<span>&nbsp; &nbsp; 小爸爸下载地址：<a href="http://pan.baidu.com/s/1DtROb" target="_blank">点我下载哦。。。</a><br />\r\n</span> \r\n</p>', '最近有点小堕落 《小爸爸》', '\r\n	&nbsp;最近有点小堕落，这几天一直在看《小爸爸》，我同学说挺狗血的。确实哈，有那么一点狗血，毕竟是电视剧嘛，可是其中的大多数镜头还是把我打动的稀里哗啦。。。 \r\n\r\n\r\n	&nbsp;&nbsp;&nbsp;&nbsp;我在里面有时都不是在看“于果”了，而是在看“齐大胜”，虽然结尾居然“复...', 1, 1, '2013-10-27 12:38:33', 5, 0, 2, 204, 'http://vview.vell001.ml//images/post_img/post_img (5).jpg', 1607, 2013102020120104804),
(18, 1, '2013-10-23 00:27:00', '<div>\r\n<pre>在发送ajax请求之前,对参数escape()两次( 例:name=escape(escape("张三")); ),\r\n然后再发送请求到服务器,服务器接收参数后,对参数unescape(),就可以得到正确的参数</pre>\r\n<pre>( 例:String name=unescape(request.getParameter("name")); ).\r\n</pre>\r\n<pre>以下是java实现<span style="font-family:''sans serif'', tahoma, verdana, helvetica;line-height:1.5;">unescape函数：</span></pre>\r\n<pre>package vell.bibi.vview.util;\r\n\r\npublic class AjaxUtil {\r\n	public static String unescape(String src) {\r\n		if(src == null) return null;\r\n		StringBuffer tmp = new StringBuffer();\r\n		tmp.ensureCapacity(src.length());\r\n		int lastPos = 0, pos = 0;\r\n		char ch;\r\n		while (lastPos &lt; src.length()) {\r\n			pos = src.indexOf("%", lastPos);\r\n			if (pos == lastPos) {\r\n				if (src.charAt(pos + 1) == ''u'') {\r\n					ch = (char) Integer.parseInt(\r\n							src.substring(pos + 2, pos + 6), 16);\r\n					tmp.append(ch);\r\n					lastPos = pos + 6;\r\n				} else {\r\n					ch = (char) Integer.parseInt(\r\n							src.substring(pos + 1, pos + 3), 16);\r\n					tmp.append(ch);\r\n					lastPos = pos + 3;\r\n				}\r\n			} else {\r\n				if (pos == -1) {\r\n					tmp.append(src.substring(lastPos));\r\n					lastPos = src.length();\r\n				} else {\r\n					tmp.append(src.substring(lastPos, pos));\r\n					lastPos = pos;\r\n				}\r\n			}\r\n		}\r\n		return tmp.toString();\r\n	}\r\n}\r\n	\r\n</pre>\r\n</div>', 'ajax乱码解决', '\r\n在发送ajax请求之前,对参数escape()两次( 例:name=escape(escape("张三")); ),\r\n然后再发送请求到服务器,服务器接收参数后,对参数unescape(),就可以得到正确的参数\r\n( 例:String name=unescape(request.getParam...', 1, 1, '2013-10-27 16:49:44', 3, 0, 0, 7, 'http://vview.vell001.ml//images/post_img/post_img (16).jpg', 1406, 201310230234004266);

-- --------------------------------------------------------

--
-- 表的结构 `post_label`
--

DROP TABLE IF EXISTS `post_label`;
CREATE TABLE IF NOT EXISTS `post_label` (
  `post_uid` bigint(20) NOT NULL,
  `label_uid` bigint(20) NOT NULL,
  PRIMARY KEY (`post_uid`,`label_uid`),
  KEY `label_uid` (`label_uid`)
) ENGINE=MyISAM DEFAULT CHARSET=utf8;

--
-- 转存表中的数据 `post_label`
--

INSERT INTO `post_label` (`post_uid`, `label_uid`) VALUES
(2013110122022216511, 201311073200800003),
(2013110122022216511, 201311073500200174),
(2013110122022216511, 201311073500200175),
(2013110123183117199, 201311073521800329),
(2013110123183117199, 201311073521800330),
(2013110123183117199, 201311073521800331),
(2013110417260725061, 201311073505900266),
(2013110417260725061, 201311073505900267),
(2013110417260725061, 201311073505900268),
(2013110818465626705, 2013110818581426875),
(2013110818465626705, 2013110818581526876),
(2013110818465626705, 2013110818581526877);

-- --------------------------------------------------------

--
-- 表的结构 `setting`
--

DROP TABLE IF EXISTS `setting`;
CREATE TABLE IF NOT EXISTS `setting` (
  `id` bigint(20) unsigned NOT NULL AUTO_INCREMENT,
  `notice` longtext NOT NULL,
  `cdate` datetime NOT NULL,
  `status` int(11) NOT NULL DEFAULT '1',
  PRIMARY KEY (`id`)
) ENGINE=MyISAM  DEFAULT CHARSET=utf8 AUTO_INCREMENT=2 ;

--
-- 转存表中的数据 `setting`
--

INSERT INTO `setting` (`id`, `notice`, `cdate`, `status`) VALUES
(1, '<h1>V&View(维视)</h1>\n<br/><h2>一群屌丝的《世界观》</h2>\n\n<br/>\n请使用chrome或者firefox访问本站，IE访问效果极差，详情请见<a href="http://vview.vell001.ml/post.jsp?pid=3">《网站使用推荐》</a>\n<br/>\n1.增加了标签功能，有花哨的标签墙。。。\n<br/>\n2.改进了排名和分类功能\n<br/>注明：本网站正处于公开测试阶段，已经开发注册，并启用部分启用邮箱提醒，更多功能敬请期待\n<br/>本网站开发全部由VellBibi完成，难免有些小漏洞，还请大家提出积极的建议，我的邮箱：<a href="mailto:vell001@qq.com">vell001@qq.com</a>\n<br/>谢谢大家支持', '2013-10-25 02:02:06', 1);

-- --------------------------------------------------------

--
-- 表的结构 `user`
--

DROP TABLE IF EXISTS `user`;
CREATE TABLE IF NOT EXISTS `user` (
  `id` bigint(20) unsigned NOT NULL AUTO_INCREMENT,
  `nickname` varchar(100) DEFAULT NULL,
  `username` varchar(40) NOT NULL,
  `password` varchar(32) NOT NULL,
  `email` varchar(40) NOT NULL,
  `user_url` varchar(100) DEFAULT NULL,
  `status` int(11) NOT NULL DEFAULT '1',
  `rdate` datetime NOT NULL,
  `ldate` datetime DEFAULT NULL,
  `ver_code` tinytext,
  PRIMARY KEY (`id`)
) ENGINE=MyISAM  DEFAULT CHARSET=utf8 AUTO_INCREMENT=15 ;

--
-- 转存表中的数据 `user`
--

INSERT INTO `user` (`id`, `nickname`, `username`, `password`, `email`, `user_url`, `status`, `rdate`, `ldate`, `ver_code`) VALUES
(1, NULL, 'vell001', 'xpSFYbyc608Pnd9c8Dy5yg==', 'vell001@qq.com', 'www.vell001.ml', 4, '2013-10-03 15:23:24', NULL, NULL),
(2, NULL, 'cwjbest', 'kL8P7RBZCCCMqxw+5/LmlQ==', '490709782@qq.com', 'www.vell001.ml', 4, '2013-10-09 23:23:24', NULL, NULL),
(3, NULL, 'kingkong', '2tmnQNna5Ud2TSwPzVYrMA==', '906876490@qq.com', 'www.vell001.ml', 3, '2013-10-09 23:55:24', NULL, NULL),
(4, NULL, 'Apple Is A', 'B04fXnkY3PwekV3IYlNuJspkyuNr/e5j', '1136986149@qq.com', 'www.vell001.ml', 3, '2013-10-15 22:55:24', NULL, NULL),
(5, NULL, '百年伟人', 'FyObkSGQF3w=', 'am7626@qq.com', 'www.vell001.ml', 3, '2013-10-15 22:50:24', NULL, NULL),
(6, '失灵的罗盘', 'jqx', '2tmnQNna5Ud2TSwPzVYrMA==', '605814949@qq.com', 'www.vell001.ml', 3, '2013-10-17 09:50:24', NULL, NULL),
(7, NULL, 'Saraline', '7QugNWFKdDwFevkG8bYN1Q==', '1004675707@qq.com', 'www.saraline.ml', 2, '2013-10-18 17:40:01', NULL, NULL),
(10, NULL, 'ov', 'Iv+NLYLsQ81++B9CmyCDVg==', '836406062@qq.com', '', 1, '2013-10-22 19:08:54', NULL, '2013102219085403325'),
(14, NULL, 'aha', 'u+sHBX4xPg9Ts7dGQtq7GQ==', '2644331960@qq.com', '', 1, '2013-10-29 22:52:51', NULL, '2013102922525107316');

/*!40101 SET CHARACTER_SET_CLIENT=@OLD_CHARACTER_SET_CLIENT */;
/*!40101 SET CHARACTER_SET_RESULTS=@OLD_CHARACTER_SET_RESULTS */;
/*!40101 SET COLLATION_CONNECTION=@OLD_COLLATION_CONNECTION */;
